filepath,type,split
music/hd-classical/music-hd-0073.wav,music,train
music/fma/music-fma-0041.wav,music,train
music/fma-western-art/music-fma-wa-0058.wav,music,train
music/rfm/music-rfm-0053.wav,music,train
music/hd-classical/music-hd-0013.wav,music,train
music/jamendo/music-jamendo-0024.wav,music,train
music/fma/music-fma-0038.wav,music,train
music/hd-classical/music-hd-0029.wav,music,train
music/jamendo/music-jamendo-0093.wav,music,train
music/fma-western-art/music-fma-wa-0065.wav,music,train
music/jamendo/music-jamendo-0179.wav,music,train
music/fma/music-fma-0040.wav,music,train
music/fma-western-art/music-fma-wa-0030.wav,music,train
music/jamendo/music-jamendo-0015.wav,music,train
music/fma/music-fma-0025.wav,music,train
music/fma-western-art/music-fma-wa-0034.wav,music,train
music/fma/music-fma-0032.wav,music,train
music/fma/music-fma-0070.wav,music,train
music/jamendo/music-jamendo-0214.wav,music,train
music/jamendo/music-jamendo-0101.wav,music,train
music/fma-western-art/music-fma-wa-0026.wav,music,train
music/jamendo/music-jamendo-0192.wav,music,train
music/fma/music-fma-0037.wav,music,train
music/rfm/music-rfm-0088.wav,music,train
music/jamendo/music-jamendo-0002.wav,music,train
music/fma-western-art/music-fma-wa-0037.wav,music,train
music/jamendo/music-jamendo-0126.wav,music,train
music/jamendo/music-jamendo-0216.wav,music,train
music/jamendo/music-jamendo-0210.wav,music,train
music/rfm/music-rfm-0007.wav,music,train
music/fma/music-fma-0067.wav,music,train
music/hd-classical/music-hd-0071.wav,music,train
music/jamendo/music-jamendo-0097.wav,music,train
music/rfm/music-rfm-0092.wav,music,train
music/fma/music-fma-0065.wav,music,train
music/fma-western-art/music-fma-wa-0016.wav,music,train
music/rfm/music-rfm-0127.wav,music,train
music/fma/music-fma-0123.wav,music,train
music/fma/music-fma-0015.wav,music,train
music/jamendo/music-jamendo-0072.wav,music,train
music/jamendo/music-jamendo-0010.wav,music,train
music/hd-classical/music-hd-0010.wav,music,train
music/hd-classical/music-hd-0018.wav,music,train
music/hd-classical/music-hd-0022.wav,music,train
music/jamendo/music-jamendo-0188.wav,music,train
music/fma-western-art/music-fma-wa-0012.wav,music,train
music/fma-western-art/music-fma-wa-0046.wav,music,train
music/hd-classical/music-hd-0002.wav,music,train
music/hd-classical/music-hd-0035.wav,music,train
music/jamendo/music-jamendo-0116.wav,music,train
music/rfm/music-rfm-0052.wav,music,train
music/jamendo/music-jamendo-0047.wav,music,train
music/fma/music-fma-0002.wav,music,train
music/jamendo/music-jamendo-0135.wav,music,train
music/fma-western-art/music-fma-wa-0038.wav,music,train
music/fma/music-fma-0120.wav,music,train
music/jamendo/music-jamendo-0127.wav,music,train
music/rfm/music-rfm-0060.wav,music,train
music/rfm/music-rfm-0035.wav,music,train
music/jamendo/music-jamendo-0035.wav,music,train
music/fma/music-fma-0088.wav,music,train
music/rfm/music-rfm-0074.wav,music,train
music/rfm/music-rfm-0126.wav,music,train
music/jamendo/music-jamendo-0169.wav,music,train
music/hd-classical/music-hd-0005.wav,music,train
music/fma-western-art/music-fma-wa-0040.wav,music,train
music/fma/music-fma-0024.wav,music,train
music/jamendo/music-jamendo-0141.wav,music,train
music/fma/music-fma-0023.wav,music,train
music/fma/music-fma-0096.wav,music,train
music/jamendo/music-jamendo-0020.wav,music,train
music/rfm/music-rfm-0031.wav,music,train
music/jamendo/music-jamendo-0049.wav,music,train
music/fma/music-fma-0076.wav,music,train
music/fma-western-art/music-fma-wa-0081.wav,music,train
music/jamendo/music-jamendo-0211.wav,music,train
music/rfm/music-rfm-0086.wav,music,train
music/hd-classical/music-hd-0064.wav,music,train
music/hd-classical/music-hd-0070.wav,music,train
music/jamendo/music-jamendo-0183.wav,music,train
music/fma/music-fma-0095.wav,music,train
music/fma-western-art/music-fma-wa-0021.wav,music,train
music/rfm/music-rfm-0094.wav,music,train
music/jamendo/music-jamendo-0059.wav,music,train
music/fma-western-art/music-fma-wa-0009.wav,music,train
music/rfm/music-rfm-0138.wav,music,train
music/rfm/music-rfm-0002.wav,music,train
music/jamendo/music-jamendo-0156.wav,music,train
music/jamendo/music-jamendo-0129.wav,music,train
music/jamendo/music-jamendo-0095.wav,music,train
music/jamendo/music-jamendo-0106.wav,music,train
music/fma/music-fma-0112.wav,music,train
music/rfm/music-rfm-0118.wav,music,train
music/fma/music-fma-0072.wav,music,train
music/fma-western-art/music-fma-wa-0092.wav,music,train
music/hd-classical/music-hd-0012.wav,music,train
music/jamendo/music-jamendo-0181.wav,music,train
music/rfm/music-rfm-0050.wav,music,train
music/fma-western-art/music-fma-wa-0032.wav,music,train
music/jamendo/music-jamendo-0087.wav,music,train
music/jamendo/music-jamendo-0198.wav,music,train
music/jamendo/music-jamendo-0080.wav,music,train
music/jamendo/music-jamendo-0028.wav,music,train
music/rfm/music-rfm-0064.wav,music,train
music/jamendo/music-jamendo-0167.wav,music,train
music/fma/music-fma-0033.wav,music,train
music/hd-classical/music-hd-0045.wav,music,train
music/rfm/music-rfm-0145.wav,music,train
music/rfm/music-rfm-0030.wav,music,train
music/rfm/music-rfm-0096.wav,music,train
music/jamendo/music-jamendo-0203.wav,music,train
music/hd-classical/music-hd-0014.wav,music,train
music/rfm/music-rfm-0119.wav,music,train
music/jamendo/music-jamendo-0184.wav,music,train
music/jamendo/music-jamendo-0195.wav,music,train
music/jamendo/music-jamendo-0196.wav,music,train
music/jamendo/music-jamendo-0009.wav,music,train
music/fma-western-art/music-fma-wa-0047.wav,music,train
music/jamendo/music-jamendo-0202.wav,music,train
music/fma-western-art/music-fma-wa-0082.wav,music,train
music/rfm/music-rfm-0085.wav,music,train
music/hd-classical/music-hd-0065.wav,music,train
music/jamendo/music-jamendo-0052.wav,music,train
music/hd-classical/music-hd-0054.wav,music,train
music/fma-western-art/music-fma-wa-0035.wav,music,train
music/rfm/music-rfm-0014.wav,music,train
music/fma-western-art/music-fma-wa-0039.wav,music,train
music/fma-western-art/music-fma-wa-0000.wav,music,train
music/jamendo/music-jamendo-0100.wav,music,train
music/jamendo/music-jamendo-0137.wav,music,train
music/jamendo/music-jamendo-0189.wav,music,train
music/fma/music-fma-0050.wav,music,train
music/fma/music-fma-0071.wav,music,train
music/jamendo/music-jamendo-0204.wav,music,train
music/rfm/music-rfm-0131.wav,music,train
music/fma-western-art/music-fma-wa-0015.wav,music,train
music/fma-western-art/music-fma-wa-0083.wav,music,train
music/rfm/music-rfm-0107.wav,music,train
music/jamendo/music-jamendo-0113.wav,music,train
music/fma-western-art/music-fma-wa-0079.wav,music,train
music/hd-classical/music-hd-0042.wav,music,train
music/jamendo/music-jamendo-0108.wav,music,train
music/jamendo/music-jamendo-0021.wav,music,train
music/fma-western-art/music-fma-wa-0014.wav,music,train
music/rfm/music-rfm-0056.wav,music,train
music/jamendo/music-jamendo-0026.wav,music,train
music/rfm/music-rfm-0130.wav,music,train
music/fma-western-art/music-fma-wa-0024.wav,music,train
music/fma/music-fma-0101.wav,music,train
music/fma-western-art/music-fma-wa-0025.wav,music,train
music/fma/music-fma-0051.wav,music,train
music/fma-western-art/music-fma-wa-0077.wav,music,train
music/fma/music-fma-0107.wav,music,train
music/rfm/music-rfm-0099.wav,music,train
music/fma/music-fma-0020.wav,music,train
music/jamendo/music-jamendo-0158.wav,music,train
music/jamendo/music-jamendo-0018.wav,music,train
music/rfm/music-rfm-0080.wav,music,train
music/fma-western-art/music-fma-wa-0062.wav,music,train
music/jamendo/music-jamendo-0022.wav,music,train
music/fma-western-art/music-fma-wa-0063.wav,music,train
music/fma/music-fma-0052.wav,music,train
music/fma-western-art/music-fma-wa-0064.wav,music,train
music/fma/music-fma-0061.wav,music,train
music/fma-western-art/music-fma-wa-0072.wav,music,train
music/jamendo/music-jamendo-0176.wav,music,train
music/jamendo/music-jamendo-0092.wav,music,train
music/fma/music-fma-0064.wav,music,train
music/hd-classical/music-hd-0038.wav,music,train
music/jamendo/music-jamendo-0044.wav,music,train
music/rfm/music-rfm-0033.wav,music,train
music/hd-classical/music-hd-0057.wav,music,train
music/hd-classical/music-hd-0053.wav,music,train
music/rfm/music-rfm-0045.wav,music,train
music/jamendo/music-jamendo-0031.wav,music,train
music/rfm/music-rfm-0089.wav,music,train
music/rfm/music-rfm-0095.wav,music,train
music/jamendo/music-jamendo-0124.wav,music,train
music/fma/music-fma-0111.wav,music,train
music/fma/music-fma-0031.wav,music,train
music/jamendo/music-jamendo-0037.wav,music,train
music/jamendo/music-jamendo-0067.wav,music,train
music/jamendo/music-jamendo-0185.wav,music,train
music/rfm/music-rfm-0100.wav,music,train
music/jamendo/music-jamendo-0115.wav,music,train
music/jamendo/music-jamendo-0091.wav,music,train
music/rfm/music-rfm-0112.wav,music,train
music/jamendo/music-jamendo-0131.wav,music,train
music/hd-classical/music-hd-0023.wav,music,train
music/fma/music-fma-0117.wav,music,train
music/jamendo/music-jamendo-0172.wav,music,train
music/jamendo/music-jamendo-0046.wav,music,train
music/hd-classical/music-hd-0027.wav,music,train
music/fma/music-fma-0030.wav,music,train
music/fma/music-fma-0058.wav,music,train
music/jamendo/music-jamendo-0070.wav,music,train
music/fma/music-fma-0114.wav,music,train
music/fma-western-art/music-fma-wa-0080.wav,music,train
music/jamendo/music-jamendo-0041.wav,music,train
music/fma/music-fma-0001.wav,music,train
music/fma-western-art/music-fma-wa-0091.wav,music,train
music/fma/music-fma-0125.wav,music,train
music/jamendo/music-jamendo-0191.wav,music,train
music/jamendo/music-jamendo-0005.wav,music,train
music/fma/music-fma-0102.wav,music,train
music/fma-western-art/music-fma-wa-0054.wav,music,train
music/fma/music-fma-0059.wav,music,train
music/rfm/music-rfm-0061.wav,music,train
music/fma/music-fma-0039.wav,music,train
music/hd-classical/music-hd-0062.wav,music,train
music/hd-classical/music-hd-0051.wav,music,train
music/fma-western-art/music-fma-wa-0013.wav,music,train
music/rfm/music-rfm-0034.wav,music,train
music/rfm/music-rfm-0041.wav,music,train
music/hd-classical/music-hd-0028.wav,music,train
music/hd-classical/music-hd-0047.wav,music,train
music/fma-western-art/music-fma-wa-0020.wav,music,train
music/fma-western-art/music-fma-wa-0069.wav,music,train
music/hd-classical/music-hd-0059.wav,music,train
music/fma/music-fma-0068.wav,music,train
music/rfm/music-rfm-0021.wav,music,train
music/fma/music-fma-0005.wav,music,train
music/jamendo/music-jamendo-0019.wav,music,train
music/rfm/music-rfm-0106.wav,music,train
music/jamendo/music-jamendo-0173.wav,music,train
music/fma/music-fma-0108.wav,music,train
music/jamendo/music-jamendo-0162.wav,music,train
music/hd-classical/music-hd-0058.wav,music,train
music/rfm/music-rfm-0124.wav,music,train
music/jamendo/music-jamendo-0012.wav,music,train
music/hd-classical/music-hd-0043.wav,music,train
music/jamendo/music-jamendo-0143.wav,music,train
music/hd-classical/music-hd-0017.wav,music,train
music/jamendo/music-jamendo-0142.wav,music,train
music/jamendo/music-jamendo-0161.wav,music,train
music/fma-western-art/music-fma-wa-0004.wav,music,train
music/jamendo/music-jamendo-0200.wav,music,train
music/rfm/music-rfm-0115.wav,music,train
music/rfm/music-rfm-0103.wav,music,train
music/jamendo/music-jamendo-0081.wav,music,train
music/rfm/music-rfm-0003.wav,music,train
music/fma/music-fma-0110.wav,music,train
music/fma-western-art/music-fma-wa-0031.wav,music,train
music/fma-western-art/music-fma-wa-0059.wav,music,train
music/hd-classical/music-hd-0063.wav,music,train
music/rfm/music-rfm-0047.wav,music,train
music/jamendo/music-jamendo-0039.wav,music,train
music/rfm/music-rfm-0008.wav,music,train
music/jamendo/music-jamendo-0099.wav,music,train
music/fma/music-fma-0034.wav,music,train
music/jamendo/music-jamendo-0205.wav,music,train
music/rfm/music-rfm-0135.wav,music,train
music/fma/music-fma-0047.wav,music,train
music/fma/music-fma-0090.wav,music,train
music/rfm/music-rfm-0071.wav,music,train
music/jamendo/music-jamendo-0068.wav,music,train
music/fma/music-fma-0012.wav,music,train
music/fma/music-fma-0079.wav,music,train
music/jamendo/music-jamendo-0201.wav,music,train
music/fma/music-fma-0104.wav,music,train
music/rfm/music-rfm-0022.wav,music,train
music/jamendo/music-jamendo-0208.wav,music,train
music/rfm/music-rfm-0133.wav,music,train
music/hd-classical/music-hd-0021.wav,music,train
music/jamendo/music-jamendo-0094.wav,music,train
music/fma-western-art/music-fma-wa-0042.wav,music,train
music/jamendo/music-jamendo-0139.wav,music,train
music/rfm/music-rfm-0027.wav,music,train
music/fma-western-art/music-fma-wa-0033.wav,music,train
music/fma-western-art/music-fma-wa-0007.wav,music,train
music/jamendo/music-jamendo-0060.wav,music,train
music/fma/music-fma-0018.wav,music,train
music/fma-western-art/music-fma-wa-0029.wav,music,train
music/rfm/music-rfm-0046.wav,music,train
music/rfm/music-rfm-0129.wav,music,train
music/hd-classical/music-hd-0033.wav,music,train
music/fma-western-art/music-fma-wa-0070.wav,music,train
music/hd-classical/music-hd-0048.wav,music,train
music/jamendo/music-jamendo-0053.wav,music,train
music/jamendo/music-jamendo-0120.wav,music,train
music/fma/music-fma-0048.wav,music,train
music/rfm/music-rfm-0001.wav,music,train
music/rfm/music-rfm-0113.wav,music,train
music/fma/music-fma-0028.wav,music,train
music/hd-classical/music-hd-0026.wav,music,train
music/jamendo/music-jamendo-0178.wav,music,train
music/fma-western-art/music-fma-wa-0087.wav,music,train
music/rfm/music-rfm-0109.wav,music,train
music/rfm/music-rfm-0140.wav,music,train
music/jamendo/music-jamendo-0003.wav,music,train
music/rfm/music-rfm-0093.wav,music,train
music/fma/music-fma-0042.wav,music,train
music/fma/music-fma-0094.wav,music,train
music/jamendo/music-jamendo-0151.wav,music,train
music/jamendo/music-jamendo-0051.wav,music,train
music/fma-western-art/music-fma-wa-0010.wav,music,train
music/fma/music-fma-0062.wav,music,train
music/fma-western-art/music-fma-wa-0028.wav,music,train
music/hd-classical/music-hd-0031.wav,music,train
music/jamendo/music-jamendo-0033.wav,music,train
music/rfm/music-rfm-0026.wav,music,train
music/fma/music-fma-0057.wav,music,train
music/fma/music-fma-0103.wav,music,train
music/jamendo/music-jamendo-0082.wav,music,train
music/fma/music-fma-0046.wav,music,train
music/rfm/music-rfm-0028.wav,music,train
music/jamendo/music-jamendo-0159.wav,music,train
music/fma-western-art/music-fma-wa-0086.wav,music,train
music/rfm/music-rfm-0077.wav,music,train
music/fma/music-fma-0077.wav,music,train
music/rfm/music-rfm-0057.wav,music,train
music/fma-western-art/music-fma-wa-0017.wav,music,train
music/jamendo/music-jamendo-0103.wav,music,train
music/rfm/music-rfm-0111.wav,music,train
music/fma/music-fma-0085.wav,music,train
music/fma/music-fma-0082.wav,music,train
music/rfm/music-rfm-0134.wav,music,train
music/jamendo/music-jamendo-0194.wav,music,train
music/rfm/music-rfm-0101.wav,music,train
music/jamendo/music-jamendo-0152.wav,music,train
music/jamendo/music-jamendo-0011.wav,music,train
music/jamendo/music-jamendo-0000.wav,music,train
music/fma/music-fma-0011.wav,music,train
music/rfm/music-rfm-0039.wav,music,train
music/jamendo/music-jamendo-0057.wav,music,train
music/fma/music-fma-0006.wav,music,train
music/fma/music-fma-0054.wav,music,train
music/jamendo/music-jamendo-0166.wav,music,train
music/fma/music-fma-0092.wav,music,train
music/jamendo/music-jamendo-0061.wav,music,train
music/fma/music-fma-0081.wav,music,train
music/jamendo/music-jamendo-0075.wav,music,train
music/jamendo/music-jamendo-0032.wav,music,train
music/jamendo/music-jamendo-0207.wav,music,train
music/rfm/music-rfm-0013.wav,music,train
music/fma/music-fma-0060.wav,music,train
music/jamendo/music-jamendo-0034.wav,music,train
music/fma/music-fma-0069.wav,music,train
music/jamendo/music-jamendo-0085.wav,music,train
music/rfm/music-rfm-0075.wav,music,train
music/rfm/music-rfm-0105.wav,music,train
music/rfm/music-rfm-0067.wav,music,train
music/fma-western-art/music-fma-wa-0076.wav,music,train
music/rfm/music-rfm-0038.wav,music,train
music/jamendo/music-jamendo-0110.wav,music,train
music/fma/music-fma-0014.wav,music,train
music/rfm/music-rfm-0083.wav,music,train
music/rfm/music-rfm-0104.wav,music,train
music/jamendo/music-jamendo-0088.wav,music,train
music/fma/music-fma-0113.wav,music,train
music/hd-classical/music-hd-0072.wav,music,train
music/jamendo/music-jamendo-0149.wav,music,train
music/jamendo/music-jamendo-0063.wav,music,train
music/fma-western-art/music-fma-wa-0045.wav,music,train
music/rfm/music-rfm-0128.wav,music,train
music/jamendo/music-jamendo-0042.wav,music,train
music/fma-western-art/music-fma-wa-0060.wav,music,train
music/rfm/music-rfm-0023.wav,music,train
music/fma-western-art/music-fma-wa-0001.wav,music,train
music/jamendo/music-jamendo-0121.wav,music,train
music/rfm/music-rfm-0025.wav,music,train
music/fma/music-fma-0119.wav,music,train
music/fma-western-art/music-fma-wa-0049.wav,music,train
music/fma/music-fma-0035.wav,music,train
music/jamendo/music-jamendo-0212.wav,music,train
music/hd-classical/music-hd-0039.wav,music,train
music/rfm/music-rfm-0081.wav,music,train
music/rfm/music-rfm-0005.wav,music,train
music/rfm/music-rfm-0012.wav,music,train
music/jamendo/music-jamendo-0148.wav,music,train
music/jamendo/music-jamendo-0102.wav,music,train
music/jamendo/music-jamendo-0171.wav,music,train
music/fma-western-art/music-fma-wa-0053.wav,music,train
music/rfm/music-rfm-0009.wav,music,train
music/rfm/music-rfm-0110.wav,music,train
music/fma/music-fma-0091.wav,music,train
music/fma/music-fma-0074.wav,music,train
music/rfm/music-rfm-0054.wav,music,train
music/jamendo/music-jamendo-0004.wav,music,train
music/jamendo/music-jamendo-0017.wav,music,train
music/jamendo/music-jamendo-0096.wav,music,train
music/rfm/music-rfm-0116.wav,music,train
music/fma/music-fma-0066.wav,music,train
music/fma/music-fma-0019.wav,music,train
music/fma-western-art/music-fma-wa-0050.wav,music,train
music/fma/music-fma-0083.wav,music,train
music/jamendo/music-jamendo-0140.wav,music,train
music/jamendo/music-jamendo-0040.wav,music,train
music/fma/music-fma-0016.wav,music,train
music/fma/music-fma-0118.wav,music,train
music/jamendo/music-jamendo-0074.wav,music,train
music/fma-western-art/music-fma-wa-0085.wav,music,train
music/rfm/music-rfm-0090.wav,music,train
music/rfm/music-rfm-0117.wav,music,train
music/fma/music-fma-0124.wav,music,train
music/rfm/music-rfm-0097.wav,music,train
music/fma-western-art/music-fma-wa-0088.wav,music,train
music/fma-western-art/music-fma-wa-0061.wav,music,train
music/rfm/music-rfm-0108.wav,music,train
music/jamendo/music-jamendo-0027.wav,music,train
music/jamendo/music-jamendo-0065.wav,music,train
music/jamendo/music-jamendo-0013.wav,music,train
music/rfm/music-rfm-0049.wav,music,train
music/hd-classical/music-hd-0036.wav,music,train
music/jamendo/music-jamendo-0215.wav,music,train
music/fma-western-art/music-fma-wa-0048.wav,music,train
music/rfm/music-rfm-0043.wav,music,train
music/fma-western-art/music-fma-wa-0084.wav,music,train
music/jamendo/music-jamendo-0138.wav,music,train
music/jamendo/music-jamendo-0071.wav,music,train
music/rfm/music-rfm-0059.wav,music,train
music/fma-western-art/music-fma-wa-0003.wav,music,train
music/jamendo/music-jamendo-0155.wav,music,train
music/fma/music-fma-0004.wav,music,train
music/fma/music-fma-0003.wav,music,train
music/rfm/music-rfm-0058.wav,music,train
music/jamendo/music-jamendo-0174.wav,music,train
music/hd-classical/music-hd-0040.wav,music,train
music/fma-western-art/music-fma-wa-0056.wav,music,train
music/rfm/music-rfm-0079.wav,music,train
music/jamendo/music-jamendo-0050.wav,music,train
music/fma/music-fma-0126.wav,music,train
music/rfm/music-rfm-0019.wav,music,train
music/hd-classical/music-hd-0008.wav,music,train
music/hd-classical/music-hd-0032.wav,music,train
music/jamendo/music-jamendo-0180.wav,music,train
music/jamendo/music-jamendo-0008.wav,music,train
music/hd-classical/music-hd-0046.wav,music,train
music/fma-western-art/music-fma-wa-0090.wav,music,train
music/jamendo/music-jamendo-0175.wav,music,train
music/rfm/music-rfm-0063.wav,music,train
music/fma/music-fma-0055.wav,music,train
music/jamendo/music-jamendo-0182.wav,music,train
music/fma/music-fma-0008.wav,music,train
music/fma/music-fma-0017.wav,music,train
music/rfm/music-rfm-0017.wav,music,train
music/jamendo/music-jamendo-0079.wav,music,train
music/hd-classical/music-hd-0016.wav,music,train
music/rfm/music-rfm-0142.wav,music,train
music/jamendo/music-jamendo-0077.wav,music,train
music/fma-western-art/music-fma-wa-0008.wav,music,train
music/rfm/music-rfm-0048.wav,music,train
music/hd-classical/music-hd-0055.wav,music,train
music/hd-classical/music-hd-0000.wav,music,train
music/jamendo/music-jamendo-0107.wav,music,train
music/hd-classical/music-hd-0030.wav,music,train
music/rfm/music-rfm-0121.wav,music,train
music/fma/music-fma-0089.wav,music,train
music/jamendo/music-jamendo-0112.wav,music,train
music/jamendo/music-jamendo-0186.wav,music,train
music/hd-classical/music-hd-0049.wav,music,train
music/fma/music-fma-0098.wav,music,train
music/fma/music-fma-0029.wav,music,train
music/jamendo/music-jamendo-0168.wav,music,train
music/rfm/music-rfm-0078.wav,music,train
music/rfm/music-rfm-0000.wav,music,train
music/fma-western-art/music-fma-wa-0023.wav,music,train
music/jamendo/music-jamendo-0187.wav,music,train
music/jamendo/music-jamendo-0023.wav,music,train
music/jamendo/music-jamendo-0134.wav,music,train
music/rfm/music-rfm-0037.wav,music,train
music/fma/music-fma-0073.wav,music,train
music/rfm/music-rfm-0016.wav,music,train
music/jamendo/music-jamendo-0197.wav,music,train
music/rfm/music-rfm-0137.wav,music,train
music/fma/music-fma-0109.wav,music,train
music/hd-classical/music-hd-0056.wav,music,train
music/fma-western-art/music-fma-wa-0057.wav,music,train
music/rfm/music-rfm-0065.wav,music,train
music/jamendo/music-jamendo-0084.wav,music,train
music/jamendo/music-jamendo-0199.wav,music,train
music/hd-classical/music-hd-0066.wav,music,train
music/rfm/music-rfm-0132.wav,music,train
music/rfm/music-rfm-0068.wav,music,train
music/rfm/music-rfm-0011.wav,music,train
music/fma/music-fma-0122.wav,music,train
music/jamendo/music-jamendo-0177.wav,music,train
music/fma/music-fma-0084.wav,music,train
music/rfm/music-rfm-0051.wav,music,train
music/fma/music-fma-0127.wav,music,train
music/jamendo/music-jamendo-0073.wav,music,train
music/hd-classical/music-hd-0009.wav,music,train
music/fma/music-fma-0100.wav,music,train
music/fma-western-art/music-fma-wa-0043.wav,music,train
music/fma/music-fma-0075.wav,music,train
music/jamendo/music-jamendo-0048.wav,music,train
music/jamendo/music-jamendo-0160.wav,music,train
music/fma-western-art/music-fma-wa-0073.wav,music,train
music/rfm/music-rfm-0070.wav,music,train
music/fma-western-art/music-fma-wa-0041.wav,music,train
music/rfm/music-rfm-0114.wav,music,train
music/jamendo/music-jamendo-0133.wav,music,train
music/rfm/music-rfm-0042.wav,music,train
music/rfm/music-rfm-0073.wav,music,train
music/jamendo/music-jamendo-0036.wav,music,train
music/rfm/music-rfm-0036.wav,music,train
music/rfm/music-rfm-0024.wav,music,train
music/hd-classical/music-hd-0004.wav,music,train
music/rfm/music-rfm-0125.wav,music,train
music/rfm/music-rfm-0069.wav,music,train
music/jamendo/music-jamendo-0007.wav,music,train
music/hd-classical/music-hd-0061.wav,music,train
music/fma/music-fma-0080.wav,music,train
music/rfm/music-rfm-0136.wav,music,train
music/jamendo/music-jamendo-0062.wav,music,train
music/jamendo/music-jamendo-0043.wav,music,train
music/jamendo/music-jamendo-0066.wav,music,train
music/fma/music-fma-0010.wav,music,train
music/fma/music-fma-0121.wav,music,train
music/rfm/music-rfm-0098.wav,music,train
music/fma/music-fma-0097.wav,music,train
music/fma/music-fma-0049.wav,music,train
music/jamendo/music-jamendo-0083.wav,music,train
music/jamendo/music-jamendo-0006.wav,music,train
music/fma/music-fma-0021.wav,music,train
music/jamendo/music-jamendo-0064.wav,music,train
music/rfm/music-rfm-0122.wav,music,train
music/fma/music-fma-0093.wav,music,train
music/jamendo/music-jamendo-0163.wav,music,train
music/rfm/music-rfm-0082.wav,music,train
music/jamendo/music-jamendo-0128.wav,music,train
music/fma-western-art/music-fma-wa-0019.wav,music,train
music/hd-classical/music-hd-0074.wav,music,train
music/hd-classical/music-hd-0067.wav,music,train
music/jamendo/music-jamendo-0117.wav,music,train
music/jamendo/music-jamendo-0109.wav,music,train
music/rfm/music-rfm-0044.wav,music,train
music/jamendo/music-jamendo-0025.wav,music,train
music/jamendo/music-jamendo-0119.wav,music,val
music/fma/music-fma-0116.wav,music,val
music/hd-classical/music-hd-0050.wav,music,val
music/fma-western-art/music-fma-wa-0005.wav,music,val
music/rfm/music-rfm-0006.wav,music,val
music/hd-classical/music-hd-0044.wav,music,val
music/jamendo/music-jamendo-0054.wav,music,val
music/jamendo/music-jamendo-0016.wav,music,val
music/rfm/music-rfm-0143.wav,music,val
music/jamendo/music-jamendo-0122.wav,music,val
music/hd-classical/music-hd-0052.wav,music,val
music/fma-western-art/music-fma-wa-0011.wav,music,val
music/jamendo/music-jamendo-0090.wav,music,val
music/fma/music-fma-0026.wav,music,val
music/hd-classical/music-hd-0006.wav,music,val
music/jamendo/music-jamendo-0164.wav,music,val
music/jamendo/music-jamendo-0125.wav,music,val
music/fma/music-fma-0044.wav,music,val
music/jamendo/music-jamendo-0123.wav,music,val
music/hd-classical/music-hd-0069.wav,music,val
music/rfm/music-rfm-0032.wav,music,val
music/fma-western-art/music-fma-wa-0006.wav,music,val
music/hd-classical/music-hd-0037.wav,music,val
music/fma/music-fma-0013.wav,music,val
music/rfm/music-rfm-0120.wav,music,val
music/rfm/music-rfm-0139.wav,music,val
music/fma-western-art/music-fma-wa-0074.wav,music,val
music/fma/music-fma-0009.wav,music,val
music/jamendo/music-jamendo-0111.wav,music,val
music/hd-classical/music-hd-0001.wav,music,val
music/hd-classical/music-hd-0011.wav,music,val
music/jamendo/music-jamendo-0193.wav,music,val
music/fma/music-fma-0043.wav,music,val
music/jamendo/music-jamendo-0055.wav,music,val
music/rfm/music-rfm-0062.wav,music,val
music/fma/music-fma-0027.wav,music,val
music/rfm/music-rfm-0029.wav,music,val
music/jamendo/music-jamendo-0146.wav,music,val
music/fma/music-fma-0086.wav,music,val
music/rfm/music-rfm-0076.wav,music,val
music/jamendo/music-jamendo-0165.wav,music,val
music/rfm/music-rfm-0066.wav,music,val
music/rfm/music-rfm-0072.wav,music,val
music/fma/music-fma-0053.wav,music,val
music/rfm/music-rfm-0018.wav,music,val
music/hd-classical/music-hd-0020.wav,music,val
music/fma/music-fma-0000.wav,music,val
music/jamendo/music-jamendo-0130.wav,music,val
music/jamendo/music-jamendo-0056.wav,music,val
music/fma-western-art/music-fma-wa-0051.wav,music,val
music/jamendo/music-jamendo-0118.wav,music,val
music/hd-classical/music-hd-0007.wav,music,val
music/hd-classical/music-hd-0015.wav,music,val
music/fma/music-fma-0022.wav,music,val
music/hd-classical/music-hd-0025.wav,music,val
music/fma-western-art/music-fma-wa-0027.wav,music,val
music/hd-classical/music-hd-0024.wav,music,val
music/rfm/music-rfm-0084.wav,music,val
music/fma-western-art/music-fma-wa-0089.wav,music,val
music/jamendo/music-jamendo-0170.wav,music,val
music/fma/music-fma-0099.wav,music,val
music/jamendo/music-jamendo-0145.wav,music,val
music/hd-classical/music-hd-0041.wav,music,val
music/rfm/music-rfm-0015.wav,music,val
music/fma/music-fma-0036.wav,music,val
music/jamendo/music-jamendo-0078.wav,music,val
music/fma/music-fma-0087.wav,music,test
music/rfm/music-rfm-0102.wav,music,test
music/jamendo/music-jamendo-0058.wav,music,test
music/rfm/music-rfm-0087.wav,music,test
music/rfm/music-rfm-0091.wav,music,test
music/jamendo/music-jamendo-0105.wav,music,test
music/jamendo/music-jamendo-0089.wav,music,test
music/rfm/music-rfm-0144.wav,music,test
music/fma-western-art/music-fma-wa-0036.wav,music,test
music/fma/music-fma-0106.wav,music,test
music/fma/music-fma-0045.wav,music,test
music/jamendo/music-jamendo-0030.wav,music,test
music/jamendo/music-jamendo-0209.wav,music,test
music/jamendo/music-jamendo-0144.wav,music,test
music/fma/music-fma-0115.wav,music,test
music/fma/music-fma-0007.wav,music,test
music/fma-western-art/music-fma-wa-0018.wav,music,test
music/jamendo/music-jamendo-0136.wav,music,test
music/rfm/music-rfm-0010.wav,music,test
music/jamendo/music-jamendo-0086.wav,music,test
music/jamendo/music-jamendo-0147.wav,music,test
music/jamendo/music-jamendo-0076.wav,music,test
music/hd-classical/music-hd-0003.wav,music,test
music/jamendo/music-jamendo-0213.wav,music,test
music/rfm/music-rfm-0040.wav,music,test
music/fma-western-art/music-fma-wa-0002.wav,music,test
music/jamendo/music-jamendo-0157.wav,music,test
music/fma-western-art/music-fma-wa-0055.wav,music,test
music/fma-western-art/music-fma-wa-0022.wav,music,test
music/fma-western-art/music-fma-wa-0068.wav,music,test
music/rfm/music-rfm-0004.wav,music,test
music/jamendo/music-jamendo-0132.wav,music,test
music/hd-classical/music-hd-0068.wav,music,test
music/fma-western-art/music-fma-wa-0071.wav,music,test
music/fma/music-fma-0056.wav,music,test
music/jamendo/music-jamendo-0098.wav,music,test
music/rfm/music-rfm-0055.wav,music,test
music/fma-western-art/music-fma-wa-0066.wav,music,test
music/fma/music-fma-0063.wav,music,test
music/jamendo/music-jamendo-0029.wav,music,test
music/rfm/music-rfm-0146.wav,music,test
music/jamendo/music-jamendo-0045.wav,music,test
music/fma/music-fma-0078.wav,music,test
music/rfm/music-rfm-0020.wav,music,test
music/jamendo/music-jamendo-0154.wav,music,test
music/jamendo/music-jamendo-0114.wav,music,test
music/jamendo/music-jamendo-0104.wav,music,test
music/rfm/music-rfm-0123.wav,music,test
music/jamendo/music-jamendo-0206.wav,music,test
music/hd-classical/music-hd-0019.wav,music,test
music/fma-western-art/music-fma-wa-0052.wav,music,test
music/fma-western-art/music-fma-wa-0078.wav,music,test
music/fma/music-fma-0105.wav,music,test
music/jamendo/music-jamendo-0038.wav,music,test
music/fma-western-art/music-fma-wa-0044.wav,music,test
music/fma-western-art/music-fma-wa-0075.wav,music,test
music/rfm/music-rfm-0141.wav,music,test
music/hd-classical/music-hd-0034.wav,music,test
music/jamendo/music-jamendo-0014.wav,music,test
music/jamendo/music-jamendo-0150.wav,music,test
music/jamendo/music-jamendo-0153.wav,music,test
music/fma-western-art/music-fma-wa-0067.wav,music,test
music/hd-classical/music-hd-0060.wav,music,test
music/jamendo/music-jamendo-0001.wav,music,test
music/jamendo/music-jamendo-0069.wav,music,test
music/jamendo/music-jamendo-0190.wav,music,test
noise/free-sound/noise-free-sound-0011.wav,noise,train
noise/free-sound/noise-free-sound-0327.wav,noise,train
noise/free-sound/noise-free-sound-0418.wav,noise,train
noise/free-sound/noise-free-sound-0113.wav,noise,train
noise/free-sound/noise-free-sound-0491.wav,noise,train
noise/free-sound/noise-free-sound-0402.wav,noise,train
noise/sound-bible/noise-sound-bible-0036.wav,noise,train
noise/free-sound/noise-free-sound-0534.wav,noise,train
noise/sound-bible/noise-sound-bible-0083.wav,noise,train
noise/free-sound/noise-free-sound-0424.wav,noise,train
noise/free-sound/noise-free-sound-0401.wav,noise,train
noise/free-sound/noise-free-sound-0266.wav,noise,train
noise/free-sound/noise-free-sound-0025.wav,noise,train
noise/free-sound/noise-free-sound-0342.wav,noise,train
noise/sound-bible/noise-sound-bible-0069.wav,noise,train
noise/free-sound/noise-free-sound-0416.wav,noise,train
noise/free-sound/noise-free-sound-0566.wav,noise,train
noise/free-sound/noise-free-sound-0764.wav,noise,train
noise/sound-bible/noise-sound-bible-0031.wav,noise,train
noise/free-sound/noise-free-sound-0619.wav,noise,train
noise/free-sound/noise-free-sound-0670.wav,noise,train
noise/free-sound/noise-free-sound-0660.wav,noise,train
noise/free-sound/noise-free-sound-0762.wav,noise,train
noise/free-sound/noise-free-sound-0319.wav,noise,train
noise/free-sound/noise-free-sound-0674.wav,noise,train
noise/free-sound/noise-free-sound-0618.wav,noise,train
noise/free-sound/noise-free-sound-0430.wav,noise,train
noise/free-sound/noise-free-sound-0827.wav,noise,train
noise/free-sound/noise-free-sound-0790.wav,noise,train
noise/free-sound/noise-free-sound-0722.wav,noise,train
noise/free-sound/noise-free-sound-0484.wav,noise,train
noise/free-sound/noise-free-sound-0046.wav,noise,train
noise/free-sound/noise-free-sound-0453.wav,noise,train
noise/free-sound/noise-free-sound-0353.wav,noise,train
noise/free-sound/noise-free-sound-0820.wav,noise,train
noise/free-sound/noise-free-sound-0608.wav,noise,train
noise/free-sound/noise-free-sound-0691.wav,noise,train
noise/sound-bible/noise-sound-bible-0001.wav,noise,train
noise/free-sound/noise-free-sound-0622.wav,noise,train
noise/free-sound/noise-free-sound-0442.wav,noise,train
noise/free-sound/noise-free-sound-0160.wav,noise,train
noise/free-sound/noise-free-sound-0551.wav,noise,train
noise/free-sound/noise-free-sound-0774.wav,noise,train
noise/free-sound/noise-free-sound-0061.wav,noise,train
noise/free-sound/noise-free-sound-0245.wav,noise,train
noise/free-sound/noise-free-sound-0151.wav,noise,train
noise/free-sound/noise-free-sound-0777.wav,noise,train
noise/free-sound/noise-free-sound-0404.wav,noise,train
noise/free-sound/noise-free-sound-0668.wav,noise,train
noise/free-sound/noise-free-sound-0286.wav,noise,train
noise/free-sound/noise-free-sound-0242.wav,noise,train
noise/free-sound/noise-free-sound-0647.wav,noise,train
noise/free-sound/noise-free-sound-0227.wav,noise,train
noise/free-sound/noise-free-sound-0090.wav,noise,train
noise/free-sound/noise-free-sound-0470.wav,noise,train
noise/free-sound/noise-free-sound-0339.wav,noise,train
noise/free-sound/noise-free-sound-0681.wav,noise,train
noise/free-sound/noise-free-sound-0609.wav,noise,train
noise/free-sound/noise-free-sound-0331.wav,noise,train
noise/free-sound/noise-free-sound-0003.wav,noise,train
noise/sound-bible/noise-sound-bible-0038.wav,noise,train
noise/free-sound/noise-free-sound-0793.wav,noise,train
noise/free-sound/noise-free-sound-0792.wav,noise,train
noise/free-sound/noise-free-sound-0066.wav,noise,train
noise/free-sound/noise-free-sound-0323.wav,noise,train
noise/free-sound/noise-free-sound-0840.wav,noise,train
noise/free-sound/noise-free-sound-0429.wav,noise,train
noise/free-sound/noise-free-sound-0808.wav,noise,train
noise/free-sound/noise-free-sound-0124.wav,noise,train
noise/free-sound/noise-free-sound-0809.wav,noise,train
noise/free-sound/noise-free-sound-0127.wav,noise,train
noise/free-sound/noise-free-sound-0051.wav,noise,train
noise/free-sound/noise-free-sound-0199.wav,noise,train
noise/free-sound/noise-free-sound-0260.wav,noise,train
noise/sound-bible/noise-sound-bible-0002.wav,noise,train
noise/free-sound/noise-free-sound-0156.wav,noise,train
noise/free-sound/noise-free-sound-0502.wav,noise,train
noise/free-sound/noise-free-sound-0422.wav,noise,train
noise/free-sound/noise-free-sound-0298.wav,noise,train
noise/free-sound/noise-free-sound-0149.wav,noise,train
noise/free-sound/noise-free-sound-0029.wav,noise,train
noise/free-sound/noise-free-sound-0654.wav,noise,train
noise/free-sound/noise-free-sound-0446.wav,noise,train
noise/free-sound/noise-free-sound-0606.wav,noise,train
noise/free-sound/noise-free-sound-0272.wav,noise,train
noise/free-sound/noise-free-sound-0155.wav,noise,train
noise/free-sound/noise-free-sound-0095.wav,noise,train
noise/free-sound/noise-free-sound-0444.wav,noise,train
noise/free-sound/noise-free-sound-0038.wav,noise,train
noise/free-sound/noise-free-sound-0675.wav,noise,train
noise/free-sound/noise-free-sound-0755.wav,noise,train
noise/free-sound/noise-free-sound-0018.wav,noise,train
noise/free-sound/noise-free-sound-0387.wav,noise,train
noise/free-sound/noise-free-sound-0532.wav,noise,train
noise/free-sound/noise-free-sound-0590.wav,noise,train
noise/free-sound/noise-free-sound-0351.wav,noise,train
noise/free-sound/noise-free-sound-0563.wav,noise,train
noise/free-sound/noise-free-sound-0526.wav,noise,train
noise/free-sound/noise-free-sound-0698.wav,noise,train
noise/free-sound/noise-free-sound-0709.wav,noise,train
noise/sound-bible/noise-sound-bible-0014.wav,noise,train
noise/sound-bible/noise-sound-bible-0056.wav,noise,train
noise/free-sound/noise-free-sound-0712.wav,noise,train
noise/free-sound/noise-free-sound-0731.wav,noise,train
noise/free-sound/noise-free-sound-0374.wav,noise,train
noise/free-sound/noise-free-sound-0065.wav,noise,train
noise/free-sound/noise-free-sound-0369.wav,noise,train
noise/free-sound/noise-free-sound-0682.wav,noise,train
noise/free-sound/noise-free-sound-0259.wav,noise,train
noise/sound-bible/noise-sound-bible-0019.wav,noise,train
noise/free-sound/noise-free-sound-0789.wav,noise,train
noise/free-sound/noise-free-sound-0818.wav,noise,train
noise/free-sound/noise-free-sound-0304.wav,noise,train
noise/free-sound/noise-free-sound-0049.wav,noise,train
noise/free-sound/noise-free-sound-0710.wav,noise,train
noise/free-sound/noise-free-sound-0520.wav,noise,train
noise/free-sound/noise-free-sound-0152.wav,noise,train
noise/free-sound/noise-free-sound-0428.wav,noise,train
noise/free-sound/noise-free-sound-0365.wav,noise,train
noise/free-sound/noise-free-sound-0322.wav,noise,train
noise/free-sound/noise-free-sound-0552.wav,noise,train
noise/free-sound/noise-free-sound-0760.wav,noise,train
noise/free-sound/noise-free-sound-0251.wav,noise,train
noise/free-sound/noise-free-sound-0182.wav,noise,train
noise/free-sound/noise-free-sound-0383.wav,noise,train
noise/free-sound/noise-free-sound-0280.wav,noise,train
noise/free-sound/noise-free-sound-0503.wav,noise,train
noise/free-sound/noise-free-sound-0776.wav,noise,train
noise/free-sound/noise-free-sound-0715.wav,noise,train
noise/free-sound/noise-free-sound-0466.wav,noise,train
noise/free-sound/noise-free-sound-0455.wav,noise,train
noise/free-sound/noise-free-sound-0758.wav,noise,train
noise/free-sound/noise-free-sound-0767.wav,noise,train
noise/free-sound/noise-free-sound-0143.wav,noise,train
noise/free-sound/noise-free-sound-0454.wav,noise,train
noise/free-sound/noise-free-sound-0023.wav,noise,train
noise/free-sound/noise-free-sound-0173.wav,noise,train
noise/free-sound/noise-free-sound-0288.wav,noise,train
noise/free-sound/noise-free-sound-0092.wav,noise,train
noise/free-sound/noise-free-sound-0174.wav,noise,train
noise/sound-bible/noise-sound-bible-0004.wav,noise,train
noise/free-sound/noise-free-sound-0060.wav,noise,train
noise/free-sound/noise-free-sound-0561.wav,noise,train
noise/free-sound/noise-free-sound-0636.wav,noise,train
noise/free-sound/noise-free-sound-0056.wav,noise,train
noise/free-sound/noise-free-sound-0333.wav,noise,train
noise/free-sound/noise-free-sound-0400.wav,noise,train
noise/free-sound/noise-free-sound-0091.wav,noise,train
noise/free-sound/noise-free-sound-0623.wav,noise,train
noise/sound-bible/noise-sound-bible-0061.wav,noise,train
noise/free-sound/noise-free-sound-0391.wav,noise,train
noise/free-sound/noise-free-sound-0423.wav,noise,train
noise/free-sound/noise-free-sound-0584.wav,noise,train
noise/free-sound/noise-free-sound-0435.wav,noise,train
noise/free-sound/noise-free-sound-0371.wav,noise,train
noise/free-sound/noise-free-sound-0133.wav,noise,train
noise/free-sound/noise-free-sound-0514.wav,noise,train
noise/free-sound/noise-free-sound-0451.wav,noise,train
noise/free-sound/noise-free-sound-0274.wav,noise,train
noise/free-sound/noise-free-sound-0358.wav,noise,train
noise/free-sound/noise-free-sound-0729.wav,noise,train
noise/sound-bible/noise-sound-bible-0013.wav,noise,train
noise/free-sound/noise-free-sound-0162.wav,noise,train
noise/free-sound/noise-free-sound-0524.wav,noise,train
noise/sound-bible/noise-sound-bible-0077.wav,noise,train
noise/free-sound/noise-free-sound-0396.wav,noise,train
noise/free-sound/noise-free-sound-0000.wav,noise,train
noise/free-sound/noise-free-sound-0176.wav,noise,train
noise/free-sound/noise-free-sound-0168.wav,noise,train
noise/free-sound/noise-free-sound-0479.wav,noise,train
noise/free-sound/noise-free-sound-0810.wav,noise,train
noise/free-sound/noise-free-sound-0271.wav,noise,train
noise/free-sound/noise-free-sound-0070.wav,noise,train
noise/free-sound/noise-free-sound-0118.wav,noise,train
noise/free-sound/noise-free-sound-0824.wav,noise,train
noise/free-sound/noise-free-sound-0228.wav,noise,train
noise/free-sound/noise-free-sound-0522.wav,noise,train
noise/free-sound/noise-free-sound-0735.wav,noise,train
noise/free-sound/noise-free-sound-0069.wav,noise,train
noise/free-sound/noise-free-sound-0434.wav,noise,train
noise/free-sound/noise-free-sound-0754.wav,noise,train
noise/free-sound/noise-free-sound-0426.wav,noise,train
noise/free-sound/noise-free-sound-0314.wav,noise,train
noise/free-sound/noise-free-sound-0559.wav,noise,train
noise/free-sound/noise-free-sound-0253.wav,noise,train
noise/free-sound/noise-free-sound-0192.wav,noise,train
noise/free-sound/noise-free-sound-0836.wav,noise,train
noise/free-sound/noise-free-sound-0145.wav,noise,train
noise/free-sound/noise-free-sound-0486.wav,noise,train
noise/free-sound/noise-free-sound-0318.wav,noise,train
noise/free-sound/noise-free-sound-0222.wav,noise,train
noise/sound-bible/noise-sound-bible-0033.wav,noise,train
noise/free-sound/noise-free-sound-0254.wav,noise,train
noise/free-sound/noise-free-sound-0788.wav,noise,train
noise/free-sound/noise-free-sound-0568.wav,noise,train
noise/free-sound/noise-free-sound-0634.wav,noise,train
noise/free-sound/noise-free-sound-0713.wav,noise,train
noise/free-sound/noise-free-sound-0471.wav,noise,train
noise/free-sound/noise-free-sound-0677.wav,noise,train
noise/free-sound/noise-free-sound-0121.wav,noise,train
noise/free-sound/noise-free-sound-0543.wav,noise,train
noise/free-sound/noise-free-sound-0690.wav,noise,train
noise/free-sound/noise-free-sound-0055.wav,noise,train
noise/free-sound/noise-free-sound-0795.wav,noise,train
noise/free-sound/noise-free-sound-0256.wav,noise,train
noise/free-sound/noise-free-sound-0105.wav,noise,train
noise/free-sound/noise-free-sound-0335.wav,noise,train
noise/free-sound/noise-free-sound-0658.wav,noise,train
noise/free-sound/noise-free-sound-0481.wav,noise,train
noise/free-sound/noise-free-sound-0110.wav,noise,train
noise/free-sound/noise-free-sound-0573.wav,noise,train
noise/free-sound/noise-free-sound-0326.wav,noise,train
noise/free-sound/noise-free-sound-0361.wav,noise,train
noise/sound-bible/noise-sound-bible-0049.wav,noise,train
noise/sound-bible/noise-sound-bible-0068.wav,noise,train
noise/sound-bible/noise-sound-bible-0045.wav,noise,train
noise/sound-bible/noise-sound-bible-0026.wav,noise,train
noise/free-sound/noise-free-sound-0655.wav,noise,train
noise/sound-bible/noise-sound-bible-0062.wav,noise,train
noise/free-sound/noise-free-sound-0146.wav,noise,train
noise/free-sound/noise-free-sound-0775.wav,noise,train
noise/free-sound/noise-free-sound-0671.wav,noise,train
noise/free-sound/noise-free-sound-0822.wav,noise,train
noise/free-sound/noise-free-sound-0518.wav,noise,train
noise/free-sound/noise-free-sound-0394.wav,noise,train
noise/free-sound/noise-free-sound-0796.wav,noise,train
noise/free-sound/noise-free-sound-0126.wav,noise,train
noise/free-sound/noise-free-sound-0308.wav,noise,train
noise/free-sound/noise-free-sound-0835.wav,noise,train
noise/sound-bible/noise-sound-bible-0015.wav,noise,train
noise/free-sound/noise-free-sound-0612.wav,noise,train
noise/free-sound/noise-free-sound-0493.wav,noise,train
noise/free-sound/noise-free-sound-0657.wav,noise,train
noise/free-sound/noise-free-sound-0078.wav,noise,train
noise/free-sound/noise-free-sound-0059.wav,noise,train
noise/free-sound/noise-free-sound-0334.wav,noise,train
noise/free-sound/noise-free-sound-0186.wav,noise,train
noise/free-sound/noise-free-sound-0252.wav,noise,train
noise/free-sound/noise-free-sound-0656.wav,noise,train
noise/free-sound/noise-free-sound-0111.wav,noise,train
noise/free-sound/noise-free-sound-0815.wav,noise,train
noise/free-sound/noise-free-sound-0225.wav,noise,train
noise/free-sound/noise-free-sound-0189.wav,noise,train
noise/free-sound/noise-free-sound-0267.wav,noise,train
noise/free-sound/noise-free-sound-0205.wav,noise,train
noise/free-sound/noise-free-sound-0241.wav,noise,train
noise/free-sound/noise-free-sound-0450.wav,noise,train
noise/free-sound/noise-free-sound-0707.wav,noise,train
noise/free-sound/noise-free-sound-0447.wav,noise,train
noise/free-sound/noise-free-sound-0508.wav,noise,train
noise/sound-bible/noise-sound-bible-0076.wav,noise,train
noise/free-sound/noise-free-sound-0720.wav,noise,train
noise/free-sound/noise-free-sound-0053.wav,noise,train
noise/free-sound/noise-free-sound-0614.wav,noise,train
noise/free-sound/noise-free-sound-0705.wav,noise,train
noise/free-sound/noise-free-sound-0262.wav,noise,train
noise/free-sound/noise-free-sound-0831.wav,noise,train
noise/free-sound/noise-free-sound-0588.wav,noise,train
noise/free-sound/noise-free-sound-0832.wav,noise,train
noise/free-sound/noise-free-sound-0064.wav,noise,train
noise/free-sound/noise-free-sound-0644.wav,noise,train
noise/free-sound/noise-free-sound-0648.wav,noise,train
noise/free-sound/noise-free-sound-0215.wav,noise,train
noise/free-sound/noise-free-sound-0613.wav,noise,train
noise/free-sound/noise-free-sound-0548.wav,noise,train
noise/free-sound/noise-free-sound-0039.wav,noise,train
noise/free-sound/noise-free-sound-0147.wav,noise,train
noise/sound-bible/noise-sound-bible-0032.wav,noise,train
noise/free-sound/noise-free-sound-0500.wav,noise,train
noise/free-sound/noise-free-sound-0219.wav,noise,train
noise/free-sound/noise-free-sound-0368.wav,noise,train
noise/free-sound/noise-free-sound-0537.wav,noise,train
noise/free-sound/noise-free-sound-0236.wav,noise,train
noise/free-sound/noise-free-sound-0395.wav,noise,train
noise/free-sound/noise-free-sound-0595.wav,noise,train
noise/free-sound/noise-free-sound-0663.wav,noise,train
noise/free-sound/noise-free-sound-0235.wav,noise,train
noise/free-sound/noise-free-sound-0740.wav,noise,train
noise/free-sound/noise-free-sound-0643.wav,noise,train
noise/free-sound/noise-free-sound-0814.wav,noise,train
noise/free-sound/noise-free-sound-0575.wav,noise,train
noise/sound-bible/noise-sound-bible-0041.wav,noise,train
noise/free-sound/noise-free-sound-0246.wav,noise,train
noise/free-sound/noise-free-sound-0257.wav,noise,train
noise/free-sound/noise-free-sound-0386.wav,noise,train
noise/free-sound/noise-free-sound-0635.wav,noise,train
noise/sound-bible/noise-sound-bible-0043.wav,noise,train
noise/free-sound/noise-free-sound-0752.wav,noise,train
noise/free-sound/noise-free-sound-0800.wav,noise,train
noise/free-sound/noise-free-sound-0574.wav,noise,train
noise/free-sound/noise-free-sound-0360.wav,noise,train
noise/free-sound/noise-free-sound-0678.wav,noise,train
noise/free-sound/noise-free-sound-0278.wav,noise,train
noise/free-sound/noise-free-sound-0282.wav,noise,train
noise/free-sound/noise-free-sound-0750.wav,noise,train
noise/free-sound/noise-free-sound-0742.wav,noise,train
noise/free-sound/noise-free-sound-0094.wav,noise,train
noise/free-sound/noise-free-sound-0576.wav,noise,train
noise/free-sound/noise-free-sound-0517.wav,noise,train
noise/free-sound/noise-free-sound-0135.wav,noise,train
noise/free-sound/noise-free-sound-0587.wav,noise,train
noise/free-sound/noise-free-sound-0167.wav,noise,train
noise/free-sound/noise-free-sound-0721.wav,noise,train
noise/free-sound/noise-free-sound-0765.wav,noise,train
noise/free-sound/noise-free-sound-0291.wav,noise,train
noise/free-sound/noise-free-sound-0041.wav,noise,train
noise/free-sound/noise-free-sound-0431.wav,noise,train
noise/free-sound/noise-free-sound-0123.wav,noise,train
noise/free-sound/noise-free-sound-0097.wav,noise,train
noise/sound-bible/noise-sound-bible-0023.wav,noise,train
noise/sound-bible/noise-sound-bible-0055.wav,noise,train
noise/free-sound/noise-free-sound-0799.wav,noise,train
noise/free-sound/noise-free-sound-0580.wav,noise,train
noise/free-sound/noise-free-sound-0037.wav,noise,train
noise/free-sound/noise-free-sound-0184.wav,noise,train
noise/free-sound/noise-free-sound-0830.wav,noise,train
noise/free-sound/noise-free-sound-0468.wav,noise,train
noise/free-sound/noise-free-sound-0625.wav,noise,train
noise/free-sound/noise-free-sound-0686.wav,noise,train
noise/free-sound/noise-free-sound-0779.wav,noise,train
noise/free-sound/noise-free-sound-0079.wav,noise,train
noise/free-sound/noise-free-sound-0766.wav,noise,train
noise/free-sound/noise-free-sound-0120.wav,noise,train
noise/free-sound/noise-free-sound-0317.wav,noise,train
noise/free-sound/noise-free-sound-0243.wav,noise,train
noise/free-sound/noise-free-sound-0103.wav,noise,train
noise/free-sound/noise-free-sound-0081.wav,noise,train
noise/sound-bible/noise-sound-bible-0044.wav,noise,train
noise/free-sound/noise-free-sound-0102.wav,noise,train
noise/free-sound/noise-free-sound-0592.wav,noise,train
noise/free-sound/noise-free-sound-0665.wav,noise,train
noise/free-sound/noise-free-sound-0787.wav,noise,train
noise/free-sound/noise-free-sound-0741.wav,noise,train
noise/sound-bible/noise-sound-bible-0020.wav,noise,train
noise/free-sound/noise-free-sound-0172.wav,noise,train
noise/free-sound/noise-free-sound-0179.wav,noise,train
noise/free-sound/noise-free-sound-0599.wav,noise,train
noise/free-sound/noise-free-sound-0330.wav,noise,train
noise/free-sound/noise-free-sound-0497.wav,noise,train
noise/free-sound/noise-free-sound-0375.wav,noise,train
noise/free-sound/noise-free-sound-0044.wav,noise,train
noise/sound-bible/noise-sound-bible-0016.wav,noise,train
noise/free-sound/noise-free-sound-0823.wav,noise,train
noise/free-sound/noise-free-sound-0088.wav,noise,train
noise/free-sound/noise-free-sound-0805.wav,noise,train
noise/free-sound/noise-free-sound-0114.wav,noise,train
noise/free-sound/noise-free-sound-0545.wav,noise,train
noise/sound-bible/noise-sound-bible-0017.wav,noise,train
noise/free-sound/noise-free-sound-0004.wav,noise,train
noise/free-sound/noise-free-sound-0748.wav,noise,train
noise/free-sound/noise-free-sound-0581.wav,noise,train
noise/free-sound/noise-free-sound-0214.wav,noise,train
noise/free-sound/noise-free-sound-0216.wav,noise,train
noise/free-sound/noise-free-sound-0412.wav,noise,train
noise/free-sound/noise-free-sound-0464.wav,noise,train
noise/free-sound/noise-free-sound-0021.wav,noise,train
noise/free-sound/noise-free-sound-0689.wav,noise,train
noise/free-sound/noise-free-sound-0632.wav,noise,train
noise/free-sound/noise-free-sound-0554.wav,noise,train
noise/free-sound/noise-free-sound-0210.wav,noise,train
noise/free-sound/noise-free-sound-0519.wav,noise,train
noise/free-sound/noise-free-sound-0597.wav,noise,train
noise/free-sound/noise-free-sound-0407.wav,noise,train
noise/free-sound/noise-free-sound-0109.wav,noise,train
noise/free-sound/noise-free-sound-0461.wav,noise,train
noise/free-sound/noise-free-sound-0769.wav,noise,train
noise/free-sound/noise-free-sound-0737.wav,noise,train
noise/free-sound/noise-free-sound-0129.wav,noise,train
noise/free-sound/noise-free-sound-0299.wav,noise,train
noise/free-sound/noise-free-sound-0010.wav,noise,train
noise/free-sound/noise-free-sound-0180.wav,noise,train
noise/free-sound/noise-free-sound-0372.wav,noise,train
noise/free-sound/noise-free-sound-0240.wav,noise,train
noise/free-sound/noise-free-sound-0142.wav,noise,train
noise/free-sound/noise-free-sound-0132.wav,noise,train
noise/sound-bible/noise-sound-bible-0046.wav,noise,train
noise/free-sound/noise-free-sound-0175.wav,noise,train
noise/free-sound/noise-free-sound-0403.wav,noise,train
noise/free-sound/noise-free-sound-0472.wav,noise,train
noise/free-sound/noise-free-sound-0392.wav,noise,train
noise/free-sound/noise-free-sound-0349.wav,noise,train
noise/free-sound/noise-free-sound-0785.wav,noise,train
noise/free-sound/noise-free-sound-0478.wav,noise,train
noise/free-sound/noise-free-sound-0217.wav,noise,train
noise/free-sound/noise-free-sound-0699.wav,noise,train
noise/sound-bible/noise-sound-bible-0052.wav,noise,train
noise/free-sound/noise-free-sound-0265.wav,noise,train
noise/sound-bible/noise-sound-bible-0027.wav,noise,train
noise/free-sound/noise-free-sound-0462.wav,noise,train
noise/free-sound/noise-free-sound-0312.wav,noise,train
noise/free-sound/noise-free-sound-0433.wav,noise,train
noise/free-sound/noise-free-sound-0258.wav,noise,train
noise/free-sound/noise-free-sound-0489.wav,noise,train
noise/free-sound/noise-free-sound-0380.wav,noise,train
noise/free-sound/noise-free-sound-0439.wav,noise,train
noise/free-sound/noise-free-sound-0208.wav,noise,train
noise/sound-bible/noise-sound-bible-0081.wav,noise,train
noise/free-sound/noise-free-sound-0477.wav,noise,train
noise/free-sound/noise-free-sound-0166.wav,noise,train
noise/free-sound/noise-free-sound-0771.wav,noise,train
noise/free-sound/noise-free-sound-0220.wav,noise,train
noise/free-sound/noise-free-sound-0350.wav,noise,train
noise/free-sound/noise-free-sound-0050.wav,noise,train
noise/free-sound/noise-free-sound-0328.wav,noise,train
noise/free-sound/noise-free-sound-0141.wav,noise,train
noise/free-sound/noise-free-sound-0533.wav,noise,train
noise/free-sound/noise-free-sound-0329.wav,noise,train
noise/sound-bible/noise-sound-bible-0063.wav,noise,train
noise/free-sound/noise-free-sound-0615.wav,noise,train
noise/free-sound/noise-free-sound-0089.wav,noise,train
noise/free-sound/noise-free-sound-0490.wav,noise,train
noise/sound-bible/noise-sound-bible-0051.wav,noise,train
noise/free-sound/noise-free-sound-0784.wav,noise,train
noise/free-sound/noise-free-sound-0310.wav,noise,train
noise/sound-bible/noise-sound-bible-0084.wav,noise,train
noise/free-sound/noise-free-sound-0012.wav,noise,train
noise/free-sound/noise-free-sound-0542.wav,noise,train
noise/free-sound/noise-free-sound-0234.wav,noise,train
noise/sound-bible/noise-sound-bible-0012.wav,noise,train
noise/free-sound/noise-free-sound-0641.wav,noise,train
noise/free-sound/noise-free-sound-0736.wav,noise,train
noise/sound-bible/noise-sound-bible-0058.wav,noise,train
noise/sound-bible/noise-sound-bible-0053.wav,noise,train
noise/free-sound/noise-free-sound-0693.wav,noise,train
noise/sound-bible/noise-sound-bible-0037.wav,noise,train
noise/free-sound/noise-free-sound-0363.wav,noise,train
noise/free-sound/noise-free-sound-0082.wav,noise,train
noise/free-sound/noise-free-sound-0780.wav,noise,train
noise/free-sound/noise-free-sound-0706.wav,noise,train
noise/free-sound/noise-free-sound-0488.wav,noise,train
noise/free-sound/noise-free-sound-0411.wav,noise,train
noise/free-sound/noise-free-sound-0837.wav,noise,train
noise/free-sound/noise-free-sound-0421.wav,noise,train
noise/free-sound/noise-free-sound-0611.wav,noise,train
noise/free-sound/noise-free-sound-0348.wav,noise,train
noise/free-sound/noise-free-sound-0277.wav,noise,train
noise/free-sound/noise-free-sound-0841.wav,noise,train
noise/free-sound/noise-free-sound-0211.wav,noise,train
noise/free-sound/noise-free-sound-0019.wav,noise,train
noise/free-sound/noise-free-sound-0405.wav,noise,train
noise/free-sound/noise-free-sound-0196.wav,noise,train
noise/free-sound/noise-free-sound-0557.wav,noise,train
noise/sound-bible/noise-sound-bible-0011.wav,noise,train
noise/free-sound/noise-free-sound-0031.wav,noise,train
noise/sound-bible/noise-sound-bible-0060.wav,noise,train
noise/free-sound/noise-free-sound-0367.wav,noise,train
noise/free-sound/noise-free-sound-0825.wav,noise,train
noise/sound-bible/noise-sound-bible-0007.wav,noise,train
noise/free-sound/noise-free-sound-0295.wav,noise,train
noise/free-sound/noise-free-sound-0572.wav,noise,train
noise/free-sound/noise-free-sound-0586.wav,noise,train
noise/free-sound/noise-free-sound-0347.wav,noise,train
noise/free-sound/noise-free-sound-0345.wav,noise,train
noise/free-sound/noise-free-sound-0230.wav,noise,train
noise/free-sound/noise-free-sound-0087.wav,noise,train
noise/free-sound/noise-free-sound-0313.wav,noise,train
noise/free-sound/noise-free-sound-0469.wav,noise,train
noise/free-sound/noise-free-sound-0131.wav,noise,train
noise/free-sound/noise-free-sound-0744.wav,noise,train
noise/free-sound/noise-free-sound-0708.wav,noise,train
noise/free-sound/noise-free-sound-0768.wav,noise,train
noise/free-sound/noise-free-sound-0307.wav,noise,train
noise/free-sound/noise-free-sound-0054.wav,noise,train
noise/free-sound/noise-free-sound-0159.wav,noise,train
noise/free-sound/noise-free-sound-0833.wav,noise,train
noise/free-sound/noise-free-sound-0463.wav,noise,train
noise/free-sound/noise-free-sound-0726.wav,noise,train
noise/free-sound/noise-free-sound-0164.wav,noise,train
noise/free-sound/noise-free-sound-0388.wav,noise,train
noise/free-sound/noise-free-sound-0515.wav,noise,train
noise/free-sound/noise-free-sound-0448.wav,noise,train
noise/sound-bible/noise-sound-bible-0086.wav,noise,train
noise/free-sound/noise-free-sound-0300.wav,noise,train
noise/free-sound/noise-free-sound-0621.wav,noise,train
noise/free-sound/noise-free-sound-0781.wav,noise,train
noise/free-sound/noise-free-sound-0511.wav,noise,train
noise/free-sound/noise-free-sound-0538.wav,noise,train
noise/free-sound/noise-free-sound-0137.wav,noise,train
noise/free-sound/noise-free-sound-0601.wav,noise,train
noise/free-sound/noise-free-sound-0432.wav,noise,train
noise/free-sound/noise-free-sound-0465.wav,noise,train
noise/free-sound/noise-free-sound-0593.wav,noise,train
noise/sound-bible/noise-sound-bible-0047.wav,noise,train
noise/free-sound/noise-free-sound-0239.wav,noise,train
noise/free-sound/noise-free-sound-0661.wav,noise,train
noise/free-sound/noise-free-sound-0778.wav,noise,train
noise/free-sound/noise-free-sound-0279.wav,noise,train
noise/free-sound/noise-free-sound-0753.wav,noise,train
noise/free-sound/noise-free-sound-0366.wav,noise,train
noise/free-sound/noise-free-sound-0233.wav,noise,train
noise/free-sound/noise-free-sound-0483.wav,noise,train
noise/free-sound/noise-free-sound-0015.wav,noise,train
noise/free-sound/noise-free-sound-0125.wav,noise,train
noise/free-sound/noise-free-sound-0664.wav,noise,train
noise/free-sound/noise-free-sound-0190.wav,noise,train
noise/free-sound/noise-free-sound-0305.wav,noise,train
noise/free-sound/noise-free-sound-0197.wav,noise,train
noise/free-sound/noise-free-sound-0338.wav,noise,train
noise/free-sound/noise-free-sound-0244.wav,noise,train
noise/free-sound/noise-free-sound-0797.wav,noise,train
noise/free-sound/noise-free-sound-0017.wav,noise,train
noise/sound-bible/noise-sound-bible-0079.wav,noise,train
noise/free-sound/noise-free-sound-0397.wav,noise,train
noise/free-sound/noise-free-sound-0144.wav,noise,train
noise/sound-bible/noise-sound-bible-0010.wav,noise,train
noise/free-sound/noise-free-sound-0399.wav,noise,train
noise/sound-bible/noise-sound-bible-0074.wav,noise,train
noise/free-sound/noise-free-sound-0727.wav,noise,train
noise/free-sound/noise-free-sound-0040.wav,noise,train
noise/free-sound/noise-free-sound-0579.wav,noise,train
noise/free-sound/noise-free-sound-0475.wav,noise,train
noise/sound-bible/noise-sound-bible-0072.wav,noise,train
noise/free-sound/noise-free-sound-0052.wav,noise,train
noise/free-sound/noise-free-sound-0043.wav,noise,train
noise/free-sound/noise-free-sound-0582.wav,noise,train
noise/free-sound/noise-free-sound-0218.wav,noise,train
noise/free-sound/noise-free-sound-0743.wav,noise,train
noise/free-sound/noise-free-sound-0605.wav,noise,train
noise/free-sound/noise-free-sound-0058.wav,noise,train
noise/free-sound/noise-free-sound-0512.wav,noise,train
noise/free-sound/noise-free-sound-0187.wav,noise,train
noise/free-sound/noise-free-sound-0249.wav,noise,train
noise/free-sound/noise-free-sound-0264.wav,noise,train
noise/free-sound/noise-free-sound-0115.wav,noise,train
noise/sound-bible/noise-sound-bible-0059.wav,noise,train
noise/free-sound/noise-free-sound-0697.wav,noise,train
noise/free-sound/noise-free-sound-0221.wav,noise,train
noise/free-sound/noise-free-sound-0096.wav,noise,train
noise/free-sound/noise-free-sound-0238.wav,noise,train
noise/free-sound/noise-free-sound-0237.wav,noise,train
noise/free-sound/noise-free-sound-0547.wav,noise,train
noise/free-sound/noise-free-sound-0583.wav,noise,train
noise/free-sound/noise-free-sound-0085.wav,noise,train
noise/free-sound/noise-free-sound-0629.wav,noise,train
noise/free-sound/noise-free-sound-0084.wav,noise,train
noise/free-sound/noise-free-sound-0564.wav,noise,train
noise/free-sound/noise-free-sound-0505.wav,noise,train
noise/free-sound/noise-free-sound-0355.wav,noise,train
noise/free-sound/noise-free-sound-0341.wav,noise,train
noise/free-sound/noise-free-sound-0157.wav,noise,train
noise/free-sound/noise-free-sound-0071.wav,noise,train
noise/free-sound/noise-free-sound-0408.wav,noise,train
noise/sound-bible/noise-sound-bible-0054.wav,noise,train
noise/free-sound/noise-free-sound-0370.wav,noise,train
noise/free-sound/noise-free-sound-0692.wav,noise,train
noise/free-sound/noise-free-sound-0556.wav,noise,train
noise/free-sound/noise-free-sound-0198.wav,noise,train
noise/free-sound/noise-free-sound-0009.wav,noise,train
noise/sound-bible/noise-sound-bible-0034.wav,noise,train
noise/sound-bible/noise-sound-bible-0048.wav,noise,train
noise/free-sound/noise-free-sound-0653.wav,noise,train
noise/free-sound/noise-free-sound-0782.wav,noise,train
noise/free-sound/noise-free-sound-0687.wav,noise,train
noise/free-sound/noise-free-sound-0193.wav,noise,train
noise/free-sound/noise-free-sound-0803.wav,noise,train
noise/free-sound/noise-free-sound-0007.wav,noise,train
noise/sound-bible/noise-sound-bible-0073.wav,noise,train
noise/free-sound/noise-free-sound-0382.wav,noise,train
noise/free-sound/noise-free-sound-0224.wav,noise,train
noise/free-sound/noise-free-sound-0449.wav,noise,train
noise/free-sound/noise-free-sound-0701.wav,noise,train
noise/free-sound/noise-free-sound-0821.wav,noise,train
noise/free-sound/noise-free-sound-0188.wav,noise,train
noise/free-sound/noise-free-sound-0523.wav,noise,train
noise/free-sound/noise-free-sound-0200.wav,noise,train
noise/free-sound/noise-free-sound-0501.wav,noise,train
noise/free-sound/noise-free-sound-0577.wav,noise,train
noise/free-sound/noise-free-sound-0452.wav,noise,train
noise/free-sound/noise-free-sound-0352.wav,noise,train
noise/free-sound/noise-free-sound-0676.wav,noise,train
noise/sound-bible/noise-sound-bible-0035.wav,noise,train
noise/free-sound/noise-free-sound-0045.wav,noise,train
noise/free-sound/noise-free-sound-0194.wav,noise,train
noise/free-sound/noise-free-sound-0074.wav,noise,train
noise/free-sound/noise-free-sound-0437.wav,noise,train
noise/free-sound/noise-free-sound-0838.wav,noise,train
noise/free-sound/noise-free-sound-0185.wav,noise,train
noise/free-sound/noise-free-sound-0804.wav,noise,train
noise/free-sound/noise-free-sound-0696.wav,noise,train
noise/free-sound/noise-free-sound-0562.wav,noise,train
noise/free-sound/noise-free-sound-0325.wav,noise,train
noise/free-sound/noise-free-sound-0700.wav,noise,train
noise/free-sound/noise-free-sound-0516.wav,noise,train
noise/free-sound/noise-free-sound-0457.wav,noise,train
noise/free-sound/noise-free-sound-0594.wav,noise,train
noise/free-sound/noise-free-sound-0425.wav,noise,train
noise/free-sound/noise-free-sound-0747.wav,noise,train
noise/free-sound/noise-free-sound-0226.wav,noise,train
noise/free-sound/noise-free-sound-0093.wav,noise,train
noise/free-sound/noise-free-sound-0293.wav,noise,train
noise/sound-bible/noise-sound-bible-0000.wav,noise,train
noise/free-sound/noise-free-sound-0261.wav,noise,train
noise/free-sound/noise-free-sound-0068.wav,noise,train
noise/free-sound/noise-free-sound-0456.wav,noise,train
noise/free-sound/noise-free-sound-0248.wav,noise,train
noise/free-sound/noise-free-sound-0673.wav,noise,train
noise/free-sound/noise-free-sound-0381.wav,noise,train
noise/free-sound/noise-free-sound-0171.wav,noise,train
noise/free-sound/noise-free-sound-0496.wav,noise,train
noise/free-sound/noise-free-sound-0276.wav,noise,train
noise/free-sound/noise-free-sound-0672.wav,noise,train
noise/free-sound/noise-free-sound-0436.wav,noise,train
noise/free-sound/noise-free-sound-0364.wav,noise,train
noise/free-sound/noise-free-sound-0281.wav,noise,train
noise/free-sound/noise-free-sound-0828.wav,noise,train
noise/free-sound/noise-free-sound-0728.wav,noise,train
noise/free-sound/noise-free-sound-0136.wav,noise,train
noise/free-sound/noise-free-sound-0311.wav,noise,train
noise/free-sound/noise-free-sound-0150.wav,noise,train
noise/free-sound/noise-free-sound-0332.wav,noise,train
noise/free-sound/noise-free-sound-0791.wav,noise,train
noise/free-sound/noise-free-sound-0035.wav,noise,train
noise/free-sound/noise-free-sound-0734.wav,noise,train
noise/free-sound/noise-free-sound-0108.wav,noise,train
noise/free-sound/noise-free-sound-0610.wav,noise,train
noise/free-sound/noise-free-sound-0806.wav,noise,train
noise/free-sound/noise-free-sound-0773.wav,noise,train
noise/free-sound/noise-free-sound-0008.wav,noise,train
noise/free-sound/noise-free-sound-0232.wav,noise,train
noise/free-sound/noise-free-sound-0306.wav,noise,train
noise/free-sound/noise-free-sound-0513.wav,noise,train
noise/free-sound/noise-free-sound-0389.wav,noise,train
noise/free-sound/noise-free-sound-0633.wav,noise,train
noise/sound-bible/noise-sound-bible-0042.wav,noise,train
noise/free-sound/noise-free-sound-0116.wav,noise,train
noise/free-sound/noise-free-sound-0163.wav,noise,train
noise/free-sound/noise-free-sound-0303.wav,noise,train
noise/free-sound/noise-free-sound-0359.wav,noise,train
noise/free-sound/noise-free-sound-0695.wav,noise,train
noise/free-sound/noise-free-sound-0409.wav,noise,train
noise/free-sound/noise-free-sound-0842.wav,noise,train
noise/free-sound/noise-free-sound-0250.wav,noise,train
noise/free-sound/noise-free-sound-0536.wav,noise,train
noise/free-sound/noise-free-sound-0627.wav,noise,train
noise/free-sound/noise-free-sound-0531.wav,noise,train
noise/free-sound/noise-free-sound-0229.wav,noise,train
noise/free-sound/noise-free-sound-0169.wav,noise,train
noise/free-sound/noise-free-sound-0811.wav,noise,train
noise/free-sound/noise-free-sound-0376.wav,noise,train
noise/free-sound/noise-free-sound-0816.wav,noise,train
noise/free-sound/noise-free-sound-0154.wav,noise,train
noise/free-sound/noise-free-sound-0801.wav,noise,train
noise/free-sound/noise-free-sound-0535.wav,noise,train
noise/free-sound/noise-free-sound-0684.wav,noise,train
noise/free-sound/noise-free-sound-0569.wav,noise,train
noise/free-sound/noise-free-sound-0057.wav,noise,train
noise/free-sound/noise-free-sound-0034.wav,noise,train
noise/sound-bible/noise-sound-bible-0075.wav,noise,train
noise/free-sound/noise-free-sound-0807.wav,noise,train
noise/free-sound/noise-free-sound-0112.wav,noise,train
noise/free-sound/noise-free-sound-0550.wav,noise,train
noise/free-sound/noise-free-sound-0153.wav,noise,train
noise/free-sound/noise-free-sound-0651.wav,noise,train
noise/free-sound/noise-free-sound-0714.wav,noise,train
noise/free-sound/noise-free-sound-0213.wav,noise,train
noise/free-sound/noise-free-sound-0101.wav,noise,train
noise/free-sound/noise-free-sound-0377.wav,noise,train
noise/free-sound/noise-free-sound-0702.wav,noise,train
noise/free-sound/noise-free-sound-0165.wav,noise,train
noise/free-sound/noise-free-sound-0716.wav,noise,train
noise/free-sound/noise-free-sound-0546.wav,noise,train
noise/free-sound/noise-free-sound-0631.wav,noise,train
noise/free-sound/noise-free-sound-0161.wav,noise,train
noise/sound-bible/noise-sound-bible-0071.wav,noise,train
noise/free-sound/noise-free-sound-0275.wav,noise,train
noise/free-sound/noise-free-sound-0122.wav,noise,train
noise/free-sound/noise-free-sound-0315.wav,noise,train
noise/free-sound/noise-free-sound-0138.wav,noise,train
noise/free-sound/noise-free-sound-0637.wav,noise,train
noise/free-sound/noise-free-sound-0077.wav,noise,train
noise/free-sound/noise-free-sound-0650.wav,noise,train
noise/free-sound/noise-free-sound-0602.wav,noise,train
noise/free-sound/noise-free-sound-0417.wav,noise,train
noise/free-sound/noise-free-sound-0507.wav,noise,train
noise/free-sound/noise-free-sound-0027.wav,noise,train
noise/free-sound/noise-free-sound-0344.wav,noise,train
noise/free-sound/noise-free-sound-0440.wav,noise,train
noise/free-sound/noise-free-sound-0336.wav,noise,train
noise/free-sound/noise-free-sound-0212.wav,noise,train
noise/free-sound/noise-free-sound-0316.wav,noise,train
noise/free-sound/noise-free-sound-0002.wav,noise,train
noise/free-sound/noise-free-sound-0343.wav,noise,train
noise/free-sound/noise-free-sound-0786.wav,noise,train
noise/free-sound/noise-free-sound-0294.wav,noise,train
noise/free-sound/noise-free-sound-0024.wav,noise,train
noise/free-sound/noise-free-sound-0042.wav,noise,train
noise/sound-bible/noise-sound-bible-0050.wav,noise,train
noise/free-sound/noise-free-sound-0639.wav,noise,train
noise/free-sound/noise-free-sound-0798.wav,noise,train
noise/free-sound/noise-free-sound-0181.wav,noise,train
noise/sound-bible/noise-sound-bible-0005.wav,noise,train
noise/free-sound/noise-free-sound-0662.wav,noise,train
noise/free-sound/noise-free-sound-0379.wav,noise,train
noise/free-sound/noise-free-sound-0301.wav,noise,train
noise/free-sound/noise-free-sound-0540.wav,noise,train
noise/sound-bible/noise-sound-bible-0040.wav,noise,train
noise/free-sound/noise-free-sound-0578.wav,noise,train
noise/free-sound/noise-free-sound-0292.wav,noise,train
noise/free-sound/noise-free-sound-0679.wav,noise,train
noise/free-sound/noise-free-sound-0603.wav,noise,train
noise/free-sound/noise-free-sound-0717.wav,noise,train
noise/free-sound/noise-free-sound-0745.wav,noise,train
noise/free-sound/noise-free-sound-0048.wav,noise,train
noise/free-sound/noise-free-sound-0321.wav,noise,train
noise/free-sound/noise-free-sound-0498.wav,noise,train
noise/free-sound/noise-free-sound-0772.wav,noise,train
noise/free-sound/noise-free-sound-0080.wav,noise,train
noise/sound-bible/noise-sound-bible-0065.wav,noise,train
noise/free-sound/noise-free-sound-0749.wav,noise,train
noise/free-sound/noise-free-sound-0761.wav,noise,train
noise/free-sound/noise-free-sound-0604.wav,noise,train
noise/free-sound/noise-free-sound-0474.wav,noise,train
noise/free-sound/noise-free-sound-0201.wav,noise,train
noise/free-sound/noise-free-sound-0340.wav,noise,train
noise/free-sound/noise-free-sound-0794.wav,noise,train
noise/free-sound/noise-free-sound-0106.wav,noise,train
noise/free-sound/noise-free-sound-0624.wav,noise,train
noise/free-sound/noise-free-sound-0570.wav,noise,train
noise/free-sound/noise-free-sound-0617.wav,noise,train
noise/free-sound/noise-free-sound-0751.wav,noise,train
noise/free-sound/noise-free-sound-0268.wav,noise,train
noise/free-sound/noise-free-sound-0817.wav,noise,train
noise/free-sound/noise-free-sound-0320.wav,noise,train
noise/free-sound/noise-free-sound-0733.wav,noise,train
noise/free-sound/noise-free-sound-0652.wav,noise,train
noise/free-sound/noise-free-sound-0770.wav,noise,train
noise/sound-bible/noise-sound-bible-0070.wav,noise,train
noise/free-sound/noise-free-sound-0669.wav,noise,train
noise/free-sound/noise-free-sound-0458.wav,noise,train
noise/free-sound/noise-free-sound-0385.wav,noise,train
noise/free-sound/noise-free-sound-0086.wav,noise,train
noise/free-sound/noise-free-sound-0134.wav,noise,train
noise/free-sound/noise-free-sound-0107.wav,noise,train
noise/free-sound/noise-free-sound-0494.wav,noise,train
noise/free-sound/noise-free-sound-0170.wav,noise,train
noise/free-sound/noise-free-sound-0473.wav,noise,train
noise/free-sound/noise-free-sound-0541.wav,noise,train
noise/free-sound/noise-free-sound-0296.wav,noise,train
noise/free-sound/noise-free-sound-0022.wav,noise,train
noise/free-sound/noise-free-sound-0001.wav,noise,train
noise/free-sound/noise-free-sound-0813.wav,noise,train
noise/sound-bible/noise-sound-bible-0085.wav,noise,train
noise/free-sound/noise-free-sound-0589.wav,noise,train
noise/free-sound/noise-free-sound-0646.wav,noise,train
noise/free-sound/noise-free-sound-0834.wav,noise,val
noise/free-sound/noise-free-sound-0642.wav,noise,val
noise/free-sound/noise-free-sound-0558.wav,noise,val
noise/free-sound/noise-free-sound-0285.wav,noise,val
noise/free-sound/noise-free-sound-0487.wav,noise,val
noise/free-sound/noise-free-sound-0414.wav,noise,val
noise/sound-bible/noise-sound-bible-0082.wav,noise,val
noise/free-sound/noise-free-sound-0739.wav,noise,val
noise/sound-bible/noise-sound-bible-0080.wav,noise,val
noise/free-sound/noise-free-sound-0441.wav,noise,val
noise/free-sound/noise-free-sound-0148.wav,noise,val
noise/free-sound/noise-free-sound-0357.wav,noise,val
noise/free-sound/noise-free-sound-0075.wav,noise,val
noise/sound-bible/noise-sound-bible-0025.wav,noise,val
noise/free-sound/noise-free-sound-0819.wav,noise,val
noise/free-sound/noise-free-sound-0390.wav,noise,val
noise/free-sound/noise-free-sound-0410.wav,noise,val
noise/sound-bible/noise-sound-bible-0039.wav,noise,val
noise/free-sound/noise-free-sound-0725.wav,noise,val
noise/free-sound/noise-free-sound-0829.wav,noise,val
noise/free-sound/noise-free-sound-0177.wav,noise,val
noise/free-sound/noise-free-sound-0506.wav,noise,val
noise/free-sound/noise-free-sound-0117.wav,noise,val
noise/free-sound/noise-free-sound-0028.wav,noise,val
noise/free-sound/noise-free-sound-0704.wav,noise,val
noise/free-sound/noise-free-sound-0476.wav,noise,val
noise/free-sound/noise-free-sound-0549.wav,noise,val
noise/free-sound/noise-free-sound-0763.wav,noise,val
noise/free-sound/noise-free-sound-0460.wav,noise,val
noise/free-sound/noise-free-sound-0130.wav,noise,val
noise/free-sound/noise-free-sound-0724.wav,noise,val
noise/sound-bible/noise-sound-bible-0057.wav,noise,val
noise/free-sound/noise-free-sound-0759.wav,noise,val
noise/free-sound/noise-free-sound-0178.wav,noise,val
noise/free-sound/noise-free-sound-0183.wav,noise,val
noise/free-sound/noise-free-sound-0337.wav,noise,val
noise/free-sound/noise-free-sound-0302.wav,noise,val
noise/free-sound/noise-free-sound-0527.wav,noise,val
noise/sound-bible/noise-sound-bible-0009.wav,noise,val
noise/free-sound/noise-free-sound-0756.wav,noise,val
noise/free-sound/noise-free-sound-0509.wav,noise,val
noise/free-sound/noise-free-sound-0398.wav,noise,val
noise/free-sound/noise-free-sound-0098.wav,noise,val
noise/free-sound/noise-free-sound-0020.wav,noise,val
noise/free-sound/noise-free-sound-0565.wav,noise,val
noise/free-sound/noise-free-sound-0203.wav,noise,val
noise/sound-bible/noise-sound-bible-0066.wav,noise,val
noise/free-sound/noise-free-sound-0415.wav,noise,val
noise/free-sound/noise-free-sound-0667.wav,noise,val
noise/free-sound/noise-free-sound-0525.wav,noise,val
noise/free-sound/noise-free-sound-0607.wav,noise,val
noise/free-sound/noise-free-sound-0732.wav,noise,val
noise/free-sound/noise-free-sound-0063.wav,noise,val
noise/free-sound/noise-free-sound-0839.wav,noise,val
noise/free-sound/noise-free-sound-0100.wav,noise,val
noise/free-sound/noise-free-sound-0231.wav,noise,val
noise/free-sound/noise-free-sound-0783.wav,noise,val
noise/free-sound/noise-free-sound-0033.wav,noise,val
noise/free-sound/noise-free-sound-0757.wav,noise,val
noise/free-sound/noise-free-sound-0718.wav,noise,val
noise/free-sound/noise-free-sound-0628.wav,noise,val
noise/free-sound/noise-free-sound-0529.wav,noise,val
noise/free-sound/noise-free-sound-0746.wav,noise,val
noise/free-sound/noise-free-sound-0528.wav,noise,val
noise/free-sound/noise-free-sound-0694.wav,noise,val
noise/free-sound/noise-free-sound-0324.wav,noise,val
noise/free-sound/noise-free-sound-0521.wav,noise,val
noise/free-sound/noise-free-sound-0420.wav,noise,val
noise/free-sound/noise-free-sound-0553.wav,noise,val
noise/free-sound/noise-free-sound-0616.wav,noise,val
noise/free-sound/noise-free-sound-0485.wav,noise,val
noise/free-sound/noise-free-sound-0427.wav,noise,val
noise/free-sound/noise-free-sound-0826.wav,noise,val
noise/free-sound/noise-free-sound-0073.wav,noise,val
noise/free-sound/noise-free-sound-0269.wav,noise,val
noise/free-sound/noise-free-sound-0812.wav,noise,val
noise/free-sound/noise-free-sound-0362.wav,noise,val
noise/free-sound/noise-free-sound-0036.wav,noise,val
noise/free-sound/noise-free-sound-0263.wav,noise,val
noise/free-sound/noise-free-sound-0711.wav,noise,val
noise/free-sound/noise-free-sound-0680.wav,noise,val
noise/free-sound/noise-free-sound-0207.wav,noise,val
noise/free-sound/noise-free-sound-0640.wav,noise,val
noise/free-sound/noise-free-sound-0309.wav,noise,val
noise/free-sound/noise-free-sound-0026.wav,noise,val
noise/free-sound/noise-free-sound-0645.wav,noise,val
noise/free-sound/noise-free-sound-0438.wav,noise,val
noise/sound-bible/noise-sound-bible-0064.wav,noise,val
noise/free-sound/noise-free-sound-0510.wav,noise,val
noise/free-sound/noise-free-sound-0255.wav,noise,val
noise/free-sound/noise-free-sound-0530.wav,noise,val
noise/free-sound/noise-free-sound-0016.wav,noise,val
noise/free-sound/noise-free-sound-0195.wav,noise,val
noise/free-sound/noise-free-sound-0719.wav,noise,test
noise/free-sound/noise-free-sound-0014.wav,noise,test
noise/free-sound/noise-free-sound-0480.wav,noise,test
noise/free-sound/noise-free-sound-0459.wav,noise,test
noise/free-sound/noise-free-sound-0204.wav,noise,test
noise/free-sound/noise-free-sound-0297.wav,noise,test
noise/free-sound/noise-free-sound-0072.wav,noise,test
noise/free-sound/noise-free-sound-0560.wav,noise,test
noise/sound-bible/noise-sound-bible-0029.wav,noise,test
noise/free-sound/noise-free-sound-0247.wav,noise,test
noise/free-sound/noise-free-sound-0273.wav,noise,test
noise/free-sound/noise-free-sound-0504.wav,noise,test
noise/free-sound/noise-free-sound-0688.wav,noise,test
noise/free-sound/noise-free-sound-0284.wav,noise,test
noise/free-sound/noise-free-sound-0119.wav,noise,test
noise/free-sound/noise-free-sound-0067.wav,noise,test
noise/free-sound/noise-free-sound-0598.wav,noise,test
noise/free-sound/noise-free-sound-0030.wav,noise,test
noise/free-sound/noise-free-sound-0128.wav,noise,test
noise/free-sound/noise-free-sound-0191.wav,noise,test
noise/free-sound/noise-free-sound-0393.wav,noise,test
noise/free-sound/noise-free-sound-0571.wav,noise,test
noise/free-sound/noise-free-sound-0140.wav,noise,test
noise/sound-bible/noise-sound-bible-0022.wav,noise,test
noise/free-sound/noise-free-sound-0723.wav,noise,test
noise/free-sound/noise-free-sound-0585.wav,noise,test
noise/free-sound/noise-free-sound-0630.wav,noise,test
noise/free-sound/noise-free-sound-0158.wav,noise,test
noise/free-sound/noise-free-sound-0406.wav,noise,test
noise/free-sound/noise-free-sound-0139.wav,noise,test
noise/free-sound/noise-free-sound-0006.wav,noise,test
noise/free-sound/noise-free-sound-0703.wav,noise,test
noise/sound-bible/noise-sound-bible-0008.wav,noise,test
noise/free-sound/noise-free-sound-0499.wav,noise,test
noise/free-sound/noise-free-sound-0047.wav,noise,test
noise/free-sound/noise-free-sound-0445.wav,noise,test
noise/sound-bible/noise-sound-bible-0021.wav,noise,test
noise/free-sound/noise-free-sound-0032.wav,noise,test
noise/free-sound/noise-free-sound-0413.wav,noise,test
noise/free-sound/noise-free-sound-0596.wav,noise,test
noise/sound-bible/noise-sound-bible-0030.wav,noise,test
noise/free-sound/noise-free-sound-0354.wav,noise,test
noise/sound-bible/noise-sound-bible-0024.wav,noise,test
noise/free-sound/noise-free-sound-0223.wav,noise,test
noise/free-sound/noise-free-sound-0099.wav,noise,test
noise/free-sound/noise-free-sound-0802.wav,noise,test
noise/free-sound/noise-free-sound-0482.wav,noise,test
noise/sound-bible/noise-sound-bible-0006.wav,noise,test
noise/free-sound/noise-free-sound-0289.wav,noise,test
noise/free-sound/noise-free-sound-0206.wav,noise,test
noise/free-sound/noise-free-sound-0626.wav,noise,test
noise/free-sound/noise-free-sound-0202.wav,noise,test
noise/free-sound/noise-free-sound-0620.wav,noise,test
noise/free-sound/noise-free-sound-0378.wav,noise,test
noise/free-sound/noise-free-sound-0356.wav,noise,test
noise/free-sound/noise-free-sound-0730.wav,noise,test
noise/free-sound/noise-free-sound-0685.wav,noise,test
noise/free-sound/noise-free-sound-0591.wav,noise,test
noise/free-sound/noise-free-sound-0539.wav,noise,test
noise/free-sound/noise-free-sound-0270.wav,noise,test
noise/free-sound/noise-free-sound-0555.wav,noise,test
noise/sound-bible/noise-sound-bible-0003.wav,noise,test
noise/sound-bible/noise-sound-bible-0078.wav,noise,test
noise/free-sound/noise-free-sound-0659.wav,noise,test
noise/sound-bible/noise-sound-bible-0028.wav,noise,test
noise/free-sound/noise-free-sound-0738.wav,noise,test
noise/sound-bible/noise-sound-bible-0067.wav,noise,test
noise/free-sound/noise-free-sound-0104.wav,noise,test
noise/free-sound/noise-free-sound-0287.wav,noise,test
noise/free-sound/noise-free-sound-0683.wav,noise,test
noise/free-sound/noise-free-sound-0638.wav,noise,test
noise/free-sound/noise-free-sound-0649.wav,noise,test
noise/free-sound/noise-free-sound-0467.wav,noise,test
noise/free-sound/noise-free-sound-0209.wav,noise,test
noise/free-sound/noise-free-sound-0443.wav,noise,test
noise/free-sound/noise-free-sound-0419.wav,noise,test
noise/free-sound/noise-free-sound-0373.wav,noise,test
noise/free-sound/noise-free-sound-0384.wav,noise,test
noise/free-sound/noise-free-sound-0013.wav,noise,test
noise/free-sound/noise-free-sound-0600.wav,noise,test
noise/free-sound/noise-free-sound-0492.wav,noise,test
noise/free-sound/noise-free-sound-0283.wav,noise,test
noise/sound-bible/noise-sound-bible-0018.wav,noise,test
noise/free-sound/noise-free-sound-0290.wav,noise,test
noise/free-sound/noise-free-sound-0544.wav,noise,test
noise/free-sound/noise-free-sound-0083.wav,noise,test
noise/free-sound/noise-free-sound-0495.wav,noise,test
noise/free-sound/noise-free-sound-0005.wav,noise,test
noise/free-sound/noise-free-sound-0346.wav,noise,test
noise/free-sound/noise-free-sound-0666.wav,noise,test
noise/free-sound/noise-free-sound-0076.wav,noise,test
noise/free-sound/noise-free-sound-0062.wav,noise,test
noise/free-sound/noise-free-sound-0567.wav,noise,test
