audio_fp,video_fp,split
dev/aac/id04219/bGLFntUuA58/00409.m4a,dev/mp4/id04219/bGLFntUuA58/00409.mp4,val
dev/aac/id04219/bGLFntUuA58/00408.m4a,dev/mp4/id04219/bGLFntUuA58/00408.mp4,train
dev/aac/id04219/W1MRIB2NKjA/00394.m4a,dev/mp4/id04219/W1MRIB2NKjA/00394.mp4,train
dev/aac/id04219/W1MRIB2NKjA/00389.m4a,dev/mp4/id04219/W1MRIB2NKjA/00389.mp4,train
dev/aac/id04219/W1MRIB2NKjA/00391.m4a,dev/mp4/id04219/W1MRIB2NKjA/00391.mp4,train
dev/aac/id04219/W1MRIB2NKjA/00393.m4a,dev/mp4/id04219/W1MRIB2NKjA/00393.mp4,val
dev/aac/id04219/W1MRIB2NKjA/00392.m4a,dev/mp4/id04219/W1MRIB2NKjA/00392.mp4,train
dev/aac/id04219/W1MRIB2NKjA/00390.m4a,dev/mp4/id04219/W1MRIB2NKjA/00390.mp4,val
dev/aac/id04219/iWMGjFqofPg/00419.m4a,dev/mp4/id04219/iWMGjFqofPg/00419.mp4,train
dev/aac/id04219/cX6vcS8yzc0/00412.m4a,dev/mp4/id04219/cX6vcS8yzc0/00412.mp4,train
dev/aac/id04219/cX6vcS8yzc0/00410.m4a,dev/mp4/id04219/cX6vcS8yzc0/00410.mp4,train
dev/aac/id04219/cX6vcS8yzc0/00415.m4a,dev/mp4/id04219/cX6vcS8yzc0/00415.mp4,train
dev/aac/id04219/cX6vcS8yzc0/00411.m4a,dev/mp4/id04219/cX6vcS8yzc0/00411.mp4,val
dev/aac/id04219/cX6vcS8yzc0/00414.m4a,dev/mp4/id04219/cX6vcS8yzc0/00414.mp4,val
dev/aac/id04219/cX6vcS8yzc0/00416.m4a,dev/mp4/id04219/cX6vcS8yzc0/00416.mp4,val
dev/aac/id04219/cX6vcS8yzc0/00413.m4a,dev/mp4/id04219/cX6vcS8yzc0/00413.mp4,train
dev/aac/id04219/j4Gpj2MMOaw/00422.m4a,dev/mp4/id04219/j4Gpj2MMOaw/00422.mp4,train
dev/aac/id04219/j4Gpj2MMOaw/00423.m4a,dev/mp4/id04219/j4Gpj2MMOaw/00423.mp4,train
dev/aac/id04219/j4Gpj2MMOaw/00421.m4a,dev/mp4/id04219/j4Gpj2MMOaw/00421.mp4,val
dev/aac/id04219/j4Gpj2MMOaw/00425.m4a,dev/mp4/id04219/j4Gpj2MMOaw/00425.mp4,train
dev/aac/id04219/j4Gpj2MMOaw/00424.m4a,dev/mp4/id04219/j4Gpj2MMOaw/00424.mp4,train
dev/aac/id04219/j4Gpj2MMOaw/00420.m4a,dev/mp4/id04219/j4Gpj2MMOaw/00420.mp4,train
dev/aac/id04219/Kb-uzxyTooQ/00215.m4a,dev/mp4/id04219/Kb-uzxyTooQ/00215.mp4,train
dev/aac/id04219/Kb-uzxyTooQ/00216.m4a,dev/mp4/id04219/Kb-uzxyTooQ/00216.mp4,train
dev/aac/id04219/Kb-uzxyTooQ/00214.m4a,dev/mp4/id04219/Kb-uzxyTooQ/00214.mp4,train
dev/aac/id04219/Kb-uzxyTooQ/00213.m4a,dev/mp4/id04219/Kb-uzxyTooQ/00213.mp4,train
dev/aac/id04219/qOimc5eDIjk/00461.m4a,dev/mp4/id04219/qOimc5eDIjk/00461.mp4,train
dev/aac/id04219/qOimc5eDIjk/00464.m4a,dev/mp4/id04219/qOimc5eDIjk/00464.mp4,train
dev/aac/id04219/qOimc5eDIjk/00458.m4a,dev/mp4/id04219/qOimc5eDIjk/00458.mp4,train
dev/aac/id04219/qOimc5eDIjk/00463.m4a,dev/mp4/id04219/qOimc5eDIjk/00463.mp4,train
dev/aac/id04219/qOimc5eDIjk/00459.m4a,dev/mp4/id04219/qOimc5eDIjk/00459.mp4,train
dev/aac/id04219/qOimc5eDIjk/00457.m4a,dev/mp4/id04219/qOimc5eDIjk/00457.mp4,val
dev/aac/id04219/qOimc5eDIjk/00462.m4a,dev/mp4/id04219/qOimc5eDIjk/00462.mp4,train
dev/aac/id04219/qOimc5eDIjk/00460.m4a,dev/mp4/id04219/qOimc5eDIjk/00460.mp4,val
dev/aac/id04219/ScyX7P94U74/00309.m4a,dev/mp4/id04219/ScyX7P94U74/00309.mp4,train
dev/aac/id04219/ScyX7P94U74/00310.m4a,dev/mp4/id04219/ScyX7P94U74/00310.mp4,train
dev/aac/id04219/ScyX7P94U74/00307.m4a,dev/mp4/id04219/ScyX7P94U74/00307.mp4,val
dev/aac/id04219/ScyX7P94U74/00308.m4a,dev/mp4/id04219/ScyX7P94U74/00308.mp4,train
dev/aac/id04219/ScyX7P94U74/00311.m4a,dev/mp4/id04219/ScyX7P94U74/00311.mp4,train
dev/aac/id04219/Kak30bj_oHo/00208.m4a,dev/mp4/id04219/Kak30bj_oHo/00208.mp4,train
dev/aac/id04219/Kak30bj_oHo/00212.m4a,dev/mp4/id04219/Kak30bj_oHo/00212.mp4,train
dev/aac/id04219/Kak30bj_oHo/00207.m4a,dev/mp4/id04219/Kak30bj_oHo/00207.mp4,train
dev/aac/id04219/Kak30bj_oHo/00210.m4a,dev/mp4/id04219/Kak30bj_oHo/00210.mp4,train
dev/aac/id04219/Kak30bj_oHo/00211.m4a,dev/mp4/id04219/Kak30bj_oHo/00211.mp4,val
dev/aac/id04219/Kak30bj_oHo/00209.m4a,dev/mp4/id04219/Kak30bj_oHo/00209.mp4,train
dev/aac/id04219/yWDZRLS1T1Y/00499.m4a,dev/mp4/id04219/yWDZRLS1T1Y/00499.mp4,train
dev/aac/id04219/yWDZRLS1T1Y/00500.m4a,dev/mp4/id04219/yWDZRLS1T1Y/00500.mp4,train
dev/aac/id04219/yWDZRLS1T1Y/00498.m4a,dev/mp4/id04219/yWDZRLS1T1Y/00498.mp4,train
dev/aac/id04219/w2dv-czEnDc/00484.m4a,dev/mp4/id04219/w2dv-czEnDc/00484.mp4,train
dev/aac/id04219/w2dv-czEnDc/00487.m4a,dev/mp4/id04219/w2dv-czEnDc/00487.mp4,train
dev/aac/id04219/w2dv-czEnDc/00489.m4a,dev/mp4/id04219/w2dv-czEnDc/00489.mp4,train
dev/aac/id04219/w2dv-czEnDc/00490.m4a,dev/mp4/id04219/w2dv-czEnDc/00490.mp4,val
dev/aac/id04219/w2dv-czEnDc/00482.m4a,dev/mp4/id04219/w2dv-czEnDc/00482.mp4,val
dev/aac/id04219/w2dv-czEnDc/00492.m4a,dev/mp4/id04219/w2dv-czEnDc/00492.mp4,val
dev/aac/id04219/w2dv-czEnDc/00485.m4a,dev/mp4/id04219/w2dv-czEnDc/00485.mp4,train
dev/aac/id04219/w2dv-czEnDc/00491.m4a,dev/mp4/id04219/w2dv-czEnDc/00491.mp4,train
dev/aac/id04219/w2dv-czEnDc/00483.m4a,dev/mp4/id04219/w2dv-czEnDc/00483.mp4,train
dev/aac/id04219/w2dv-czEnDc/00486.m4a,dev/mp4/id04219/w2dv-czEnDc/00486.mp4,train
dev/aac/id04219/w2dv-czEnDc/00488.m4a,dev/mp4/id04219/w2dv-czEnDc/00488.mp4,val
dev/aac/id04219/A1XlaSob90A/00133.m4a,dev/mp4/id04219/A1XlaSob90A/00133.mp4,train
dev/aac/id04219/A1XlaSob90A/00135.m4a,dev/mp4/id04219/A1XlaSob90A/00135.mp4,val
dev/aac/id04219/A1XlaSob90A/00134.m4a,dev/mp4/id04219/A1XlaSob90A/00134.mp4,train
dev/aac/id04219/qATxMy7FJPc/00446.m4a,dev/mp4/id04219/qATxMy7FJPc/00446.mp4,train
dev/aac/id04219/qATxMy7FJPc/00454.m4a,dev/mp4/id04219/qATxMy7FJPc/00454.mp4,val
dev/aac/id04219/qATxMy7FJPc/00450.m4a,dev/mp4/id04219/qATxMy7FJPc/00450.mp4,train
dev/aac/id04219/qATxMy7FJPc/00453.m4a,dev/mp4/id04219/qATxMy7FJPc/00453.mp4,train
dev/aac/id04219/qATxMy7FJPc/00456.m4a,dev/mp4/id04219/qATxMy7FJPc/00456.mp4,train
dev/aac/id04219/qATxMy7FJPc/00452.m4a,dev/mp4/id04219/qATxMy7FJPc/00452.mp4,train
dev/aac/id04219/qATxMy7FJPc/00447.m4a,dev/mp4/id04219/qATxMy7FJPc/00447.mp4,val
dev/aac/id04219/qATxMy7FJPc/00451.m4a,dev/mp4/id04219/qATxMy7FJPc/00451.mp4,train
dev/aac/id04219/qATxMy7FJPc/00449.m4a,dev/mp4/id04219/qATxMy7FJPc/00449.mp4,train
dev/aac/id04219/qATxMy7FJPc/00448.m4a,dev/mp4/id04219/qATxMy7FJPc/00448.mp4,train
dev/aac/id04219/qATxMy7FJPc/00445.m4a,dev/mp4/id04219/qATxMy7FJPc/00445.mp4,train
dev/aac/id04219/qATxMy7FJPc/00455.m4a,dev/mp4/id04219/qATxMy7FJPc/00455.mp4,train
dev/aac/id04219/T7JsfBY8_-M/00317.m4a,dev/mp4/id04219/T7JsfBY8_-M/00317.mp4,val
dev/aac/id04219/T7JsfBY8_-M/00316.m4a,dev/mp4/id04219/T7JsfBY8_-M/00316.mp4,train
dev/aac/id04219/T7JsfBY8_-M/00314.m4a,dev/mp4/id04219/T7JsfBY8_-M/00314.mp4,val
dev/aac/id04219/T7JsfBY8_-M/00313.m4a,dev/mp4/id04219/T7JsfBY8_-M/00313.mp4,train
dev/aac/id04219/T7JsfBY8_-M/00315.m4a,dev/mp4/id04219/T7JsfBY8_-M/00315.mp4,val
dev/aac/id04219/T7JsfBY8_-M/00312.m4a,dev/mp4/id04219/T7JsfBY8_-M/00312.mp4,val
dev/aac/id04219/mGpCRiVtjPg/00435.m4a,dev/mp4/id04219/mGpCRiVtjPg/00435.mp4,train
dev/aac/id04219/mGpCRiVtjPg/00434.m4a,dev/mp4/id04219/mGpCRiVtjPg/00434.mp4,train
dev/aac/id04219/mGpCRiVtjPg/00436.m4a,dev/mp4/id04219/mGpCRiVtjPg/00436.mp4,train
dev/aac/id04219/mGpCRiVtjPg/00433.m4a,dev/mp4/id04219/mGpCRiVtjPg/00433.mp4,train
dev/aac/id04219/mGpCRiVtjPg/00437.m4a,dev/mp4/id04219/mGpCRiVtjPg/00437.mp4,train
dev/aac/id04219/RFJzS0EvbGg/00270.m4a,dev/mp4/id04219/RFJzS0EvbGg/00270.mp4,train
dev/aac/id04219/RFJzS0EvbGg/00273.m4a,dev/mp4/id04219/RFJzS0EvbGg/00273.mp4,train
dev/aac/id04219/RFJzS0EvbGg/00271.m4a,dev/mp4/id04219/RFJzS0EvbGg/00271.mp4,train
dev/aac/id04219/RFJzS0EvbGg/00272.m4a,dev/mp4/id04219/RFJzS0EvbGg/00272.mp4,train
dev/aac/id04219/6Kus3yZdSDw/00013.m4a,dev/mp4/id04219/6Kus3yZdSDw/00013.mp4,train
dev/aac/id04219/vBYVUQdHu6E/00481.m4a,dev/mp4/id04219/vBYVUQdHu6E/00481.mp4,train
dev/aac/id04219/vBYVUQdHu6E/00480.m4a,dev/mp4/id04219/vBYVUQdHu6E/00480.mp4,train
dev/aac/id04219/vBYVUQdHu6E/00479.m4a,dev/mp4/id04219/vBYVUQdHu6E/00479.mp4,train
dev/aac/id04219/NtAjoQTBlCU/00245.m4a,dev/mp4/id04219/NtAjoQTBlCU/00245.mp4,train
dev/aac/id04219/NtAjoQTBlCU/00241.m4a,dev/mp4/id04219/NtAjoQTBlCU/00241.mp4,train
dev/aac/id04219/NtAjoQTBlCU/00246.m4a,dev/mp4/id04219/NtAjoQTBlCU/00246.mp4,train
dev/aac/id04219/NtAjoQTBlCU/00243.m4a,dev/mp4/id04219/NtAjoQTBlCU/00243.mp4,train
dev/aac/id04219/NtAjoQTBlCU/00244.m4a,dev/mp4/id04219/NtAjoQTBlCU/00244.mp4,train
dev/aac/id04219/NtAjoQTBlCU/00242.m4a,dev/mp4/id04219/NtAjoQTBlCU/00242.mp4,train
dev/aac/id04219/O6eJNV_x4Go/00257.m4a,dev/mp4/id04219/O6eJNV_x4Go/00257.mp4,train
dev/aac/id04219/O6eJNV_x4Go/00261.m4a,dev/mp4/id04219/O6eJNV_x4Go/00261.mp4,train
dev/aac/id04219/O6eJNV_x4Go/00249.m4a,dev/mp4/id04219/O6eJNV_x4Go/00249.mp4,train
dev/aac/id04219/O6eJNV_x4Go/00265.m4a,dev/mp4/id04219/O6eJNV_x4Go/00265.mp4,val
dev/aac/id04219/O6eJNV_x4Go/00264.m4a,dev/mp4/id04219/O6eJNV_x4Go/00264.mp4,train
dev/aac/id04219/O6eJNV_x4Go/00250.m4a,dev/mp4/id04219/O6eJNV_x4Go/00250.mp4,train
dev/aac/id04219/O6eJNV_x4Go/00255.m4a,dev/mp4/id04219/O6eJNV_x4Go/00255.mp4,train
dev/aac/id04219/O6eJNV_x4Go/00263.m4a,dev/mp4/id04219/O6eJNV_x4Go/00263.mp4,train
dev/aac/id04219/O6eJNV_x4Go/00254.m4a,dev/mp4/id04219/O6eJNV_x4Go/00254.mp4,train
dev/aac/id04219/O6eJNV_x4Go/00248.m4a,dev/mp4/id04219/O6eJNV_x4Go/00248.mp4,train
dev/aac/id04219/O6eJNV_x4Go/00252.m4a,dev/mp4/id04219/O6eJNV_x4Go/00252.mp4,train
dev/aac/id04219/O6eJNV_x4Go/00266.m4a,dev/mp4/id04219/O6eJNV_x4Go/00266.mp4,train
dev/aac/id04219/O6eJNV_x4Go/00258.m4a,dev/mp4/id04219/O6eJNV_x4Go/00258.mp4,train
dev/aac/id04219/O6eJNV_x4Go/00267.m4a,dev/mp4/id04219/O6eJNV_x4Go/00267.mp4,train
dev/aac/id04219/O6eJNV_x4Go/00260.m4a,dev/mp4/id04219/O6eJNV_x4Go/00260.mp4,val
dev/aac/id04219/O6eJNV_x4Go/00251.m4a,dev/mp4/id04219/O6eJNV_x4Go/00251.mp4,train
dev/aac/id04219/O6eJNV_x4Go/00247.m4a,dev/mp4/id04219/O6eJNV_x4Go/00247.mp4,train
dev/aac/id04219/O6eJNV_x4Go/00253.m4a,dev/mp4/id04219/O6eJNV_x4Go/00253.mp4,train
dev/aac/id04219/O6eJNV_x4Go/00256.m4a,dev/mp4/id04219/O6eJNV_x4Go/00256.mp4,val
dev/aac/id04219/O6eJNV_x4Go/00259.m4a,dev/mp4/id04219/O6eJNV_x4Go/00259.mp4,train
dev/aac/id04219/O6eJNV_x4Go/00262.m4a,dev/mp4/id04219/O6eJNV_x4Go/00262.mp4,train
dev/aac/id04219/RzXIo0MUxxw/00300.m4a,dev/mp4/id04219/RzXIo0MUxxw/00300.mp4,train
dev/aac/id04219/RzXIo0MUxxw/00295.m4a,dev/mp4/id04219/RzXIo0MUxxw/00295.mp4,train
dev/aac/id04219/RzXIo0MUxxw/00287.m4a,dev/mp4/id04219/RzXIo0MUxxw/00287.mp4,val
dev/aac/id04219/RzXIo0MUxxw/00280.m4a,dev/mp4/id04219/RzXIo0MUxxw/00280.mp4,train
dev/aac/id04219/RzXIo0MUxxw/00299.m4a,dev/mp4/id04219/RzXIo0MUxxw/00299.mp4,train
dev/aac/id04219/RzXIo0MUxxw/00296.m4a,dev/mp4/id04219/RzXIo0MUxxw/00296.mp4,train
dev/aac/id04219/RzXIo0MUxxw/00301.m4a,dev/mp4/id04219/RzXIo0MUxxw/00301.mp4,train
dev/aac/id04219/RzXIo0MUxxw/00292.m4a,dev/mp4/id04219/RzXIo0MUxxw/00292.mp4,val
dev/aac/id04219/RzXIo0MUxxw/00297.m4a,dev/mp4/id04219/RzXIo0MUxxw/00297.mp4,train
dev/aac/id04219/RzXIo0MUxxw/00281.m4a,dev/mp4/id04219/RzXIo0MUxxw/00281.mp4,train
dev/aac/id04219/RzXIo0MUxxw/00303.m4a,dev/mp4/id04219/RzXIo0MUxxw/00303.mp4,val
dev/aac/id04219/RzXIo0MUxxw/00293.m4a,dev/mp4/id04219/RzXIo0MUxxw/00293.mp4,train
dev/aac/id04219/RzXIo0MUxxw/00291.m4a,dev/mp4/id04219/RzXIo0MUxxw/00291.mp4,train
dev/aac/id04219/RzXIo0MUxxw/00298.m4a,dev/mp4/id04219/RzXIo0MUxxw/00298.mp4,train
dev/aac/id04219/RzXIo0MUxxw/00306.m4a,dev/mp4/id04219/RzXIo0MUxxw/00306.mp4,train
dev/aac/id04219/RzXIo0MUxxw/00283.m4a,dev/mp4/id04219/RzXIo0MUxxw/00283.mp4,train
dev/aac/id04219/RzXIo0MUxxw/00286.m4a,dev/mp4/id04219/RzXIo0MUxxw/00286.mp4,val
dev/aac/id04219/RzXIo0MUxxw/00282.m4a,dev/mp4/id04219/RzXIo0MUxxw/00282.mp4,train
dev/aac/id04219/RzXIo0MUxxw/00289.m4a,dev/mp4/id04219/RzXIo0MUxxw/00289.mp4,train
dev/aac/id04219/RzXIo0MUxxw/00302.m4a,dev/mp4/id04219/RzXIo0MUxxw/00302.mp4,val
dev/aac/id04219/RzXIo0MUxxw/00294.m4a,dev/mp4/id04219/RzXIo0MUxxw/00294.mp4,train
dev/aac/id04219/RzXIo0MUxxw/00290.m4a,dev/mp4/id04219/RzXIo0MUxxw/00290.mp4,train
dev/aac/id04219/RzXIo0MUxxw/00304.m4a,dev/mp4/id04219/RzXIo0MUxxw/00304.mp4,train
dev/aac/id04219/RzXIo0MUxxw/00284.m4a,dev/mp4/id04219/RzXIo0MUxxw/00284.mp4,train
dev/aac/id04219/RzXIo0MUxxw/00305.m4a,dev/mp4/id04219/RzXIo0MUxxw/00305.mp4,train
dev/aac/id04219/RzXIo0MUxxw/00288.m4a,dev/mp4/id04219/RzXIo0MUxxw/00288.mp4,train
dev/aac/id04219/RzXIo0MUxxw/00285.m4a,dev/mp4/id04219/RzXIo0MUxxw/00285.mp4,val
dev/aac/id04219/Y25CLdAfCYM/00398.m4a,dev/mp4/id04219/Y25CLdAfCYM/00398.mp4,train
dev/aac/id04219/Y25CLdAfCYM/00404.m4a,dev/mp4/id04219/Y25CLdAfCYM/00404.mp4,val
dev/aac/id04219/Y25CLdAfCYM/00403.m4a,dev/mp4/id04219/Y25CLdAfCYM/00403.mp4,train
dev/aac/id04219/Y25CLdAfCYM/00399.m4a,dev/mp4/id04219/Y25CLdAfCYM/00399.mp4,train
dev/aac/id04219/Y25CLdAfCYM/00401.m4a,dev/mp4/id04219/Y25CLdAfCYM/00401.mp4,train
dev/aac/id04219/Y25CLdAfCYM/00400.m4a,dev/mp4/id04219/Y25CLdAfCYM/00400.mp4,train
dev/aac/id04219/Y25CLdAfCYM/00402.m4a,dev/mp4/id04219/Y25CLdAfCYM/00402.mp4,train
dev/aac/id04219/Y25CLdAfCYM/00397.m4a,dev/mp4/id04219/Y25CLdAfCYM/00397.mp4,train
dev/aac/id04219/r6F8NpPjXkA/00466.m4a,dev/mp4/id04219/r6F8NpPjXkA/00466.mp4,train
dev/aac/id04219/r6F8NpPjXkA/00465.m4a,dev/mp4/id04219/r6F8NpPjXkA/00465.mp4,train
dev/aac/id04219/r6F8NpPjXkA/00467.m4a,dev/mp4/id04219/r6F8NpPjXkA/00467.mp4,train
dev/aac/id04219/13RpAERkwjk/00002.m4a,dev/mp4/id04219/13RpAERkwjk/00002.mp4,val
dev/aac/id04219/13RpAERkwjk/00001.m4a,dev/mp4/id04219/13RpAERkwjk/00001.mp4,train
dev/aac/id04219/RQ9bRPXIGbk/00278.m4a,dev/mp4/id04219/RQ9bRPXIGbk/00278.mp4,train
dev/aac/id04219/RQ9bRPXIGbk/00275.m4a,dev/mp4/id04219/RQ9bRPXIGbk/00275.mp4,train
dev/aac/id04219/RQ9bRPXIGbk/00277.m4a,dev/mp4/id04219/RQ9bRPXIGbk/00277.mp4,val
dev/aac/id04219/RQ9bRPXIGbk/00274.m4a,dev/mp4/id04219/RQ9bRPXIGbk/00274.mp4,train
dev/aac/id04219/RQ9bRPXIGbk/00279.m4a,dev/mp4/id04219/RQ9bRPXIGbk/00279.mp4,train
dev/aac/id04219/RQ9bRPXIGbk/00276.m4a,dev/mp4/id04219/RQ9bRPXIGbk/00276.mp4,train
dev/aac/id04219/tH7LDOUPpn8/00473.m4a,dev/mp4/id04219/tH7LDOUPpn8/00473.mp4,val
dev/aac/id04219/tH7LDOUPpn8/00472.m4a,dev/mp4/id04219/tH7LDOUPpn8/00472.mp4,val
dev/aac/id04219/tH7LDOUPpn8/00469.m4a,dev/mp4/id04219/tH7LDOUPpn8/00469.mp4,train
dev/aac/id04219/tH7LDOUPpn8/00471.m4a,dev/mp4/id04219/tH7LDOUPpn8/00471.mp4,train
dev/aac/id04219/tH7LDOUPpn8/00470.m4a,dev/mp4/id04219/tH7LDOUPpn8/00470.mp4,train
dev/aac/id04219/tH7LDOUPpn8/00468.m4a,dev/mp4/id04219/tH7LDOUPpn8/00468.mp4,train
dev/aac/id04219/jXJL6-WLums/00432.m4a,dev/mp4/id04219/jXJL6-WLums/00432.mp4,train
dev/aac/id04219/jXJL6-WLums/00429.m4a,dev/mp4/id04219/jXJL6-WLums/00429.mp4,train
dev/aac/id04219/jXJL6-WLums/00431.m4a,dev/mp4/id04219/jXJL6-WLums/00431.mp4,train
dev/aac/id04219/jXJL6-WLums/00427.m4a,dev/mp4/id04219/jXJL6-WLums/00427.mp4,train
dev/aac/id04219/jXJL6-WLums/00428.m4a,dev/mp4/id04219/jXJL6-WLums/00428.mp4,train
dev/aac/id04219/jXJL6-WLums/00430.m4a,dev/mp4/id04219/jXJL6-WLums/00430.mp4,train
dev/aac/id04219/jXJL6-WLums/00426.m4a,dev/mp4/id04219/jXJL6-WLums/00426.mp4,train
dev/aac/id04219/7ST8L__UxAM/00015.m4a,dev/mp4/id04219/7ST8L__UxAM/00015.mp4,train
dev/aac/id04219/7ST8L__UxAM/00014.m4a,dev/mp4/id04219/7ST8L__UxAM/00014.mp4,train
dev/aac/id04219/7ST8L__UxAM/00016.m4a,dev/mp4/id04219/7ST8L__UxAM/00016.mp4,train
dev/aac/id04219/G_d5oSADWtM/00202.m4a,dev/mp4/id04219/G_d5oSADWtM/00202.mp4,train
dev/aac/id04219/G_d5oSADWtM/00199.m4a,dev/mp4/id04219/G_d5oSADWtM/00199.mp4,train
dev/aac/id04219/G_d5oSADWtM/00205.m4a,dev/mp4/id04219/G_d5oSADWtM/00205.mp4,train
dev/aac/id04219/G_d5oSADWtM/00200.m4a,dev/mp4/id04219/G_d5oSADWtM/00200.mp4,val
dev/aac/id04219/G_d5oSADWtM/00198.m4a,dev/mp4/id04219/G_d5oSADWtM/00198.mp4,train
dev/aac/id04219/G_d5oSADWtM/00204.m4a,dev/mp4/id04219/G_d5oSADWtM/00204.mp4,val
dev/aac/id04219/G_d5oSADWtM/00203.m4a,dev/mp4/id04219/G_d5oSADWtM/00203.mp4,train
dev/aac/id04219/G_d5oSADWtM/00201.m4a,dev/mp4/id04219/G_d5oSADWtM/00201.mp4,train
dev/aac/id04219/BU5TTjTQhqw/00188.m4a,dev/mp4/id04219/BU5TTjTQhqw/00188.mp4,train
dev/aac/id04219/BU5TTjTQhqw/00189.m4a,dev/mp4/id04219/BU5TTjTQhqw/00189.mp4,train
dev/aac/id04219/BU5TTjTQhqw/00187.m4a,dev/mp4/id04219/BU5TTjTQhqw/00187.mp4,train
dev/aac/id04219/BU5TTjTQhqw/00190.m4a,dev/mp4/id04219/BU5TTjTQhqw/00190.mp4,train
dev/aac/id04219/VllbxizkYtw/00371.m4a,dev/mp4/id04219/VllbxizkYtw/00371.mp4,train
dev/aac/id04219/VllbxizkYtw/00365.m4a,dev/mp4/id04219/VllbxizkYtw/00365.mp4,val
dev/aac/id04219/VllbxizkYtw/00370.m4a,dev/mp4/id04219/VllbxizkYtw/00370.mp4,val
dev/aac/id04219/VllbxizkYtw/00343.m4a,dev/mp4/id04219/VllbxizkYtw/00343.mp4,val
dev/aac/id04219/VllbxizkYtw/00373.m4a,dev/mp4/id04219/VllbxizkYtw/00373.mp4,train
dev/aac/id04219/VllbxizkYtw/00351.m4a,dev/mp4/id04219/VllbxizkYtw/00351.mp4,train
dev/aac/id04219/VllbxizkYtw/00379.m4a,dev/mp4/id04219/VllbxizkYtw/00379.mp4,train
dev/aac/id04219/VllbxizkYtw/00364.m4a,dev/mp4/id04219/VllbxizkYtw/00364.mp4,train
dev/aac/id04219/VllbxizkYtw/00344.m4a,dev/mp4/id04219/VllbxizkYtw/00344.mp4,train
dev/aac/id04219/VllbxizkYtw/00362.m4a,dev/mp4/id04219/VllbxizkYtw/00362.mp4,train
dev/aac/id04219/VllbxizkYtw/00353.m4a,dev/mp4/id04219/VllbxizkYtw/00353.mp4,train
dev/aac/id04219/VllbxizkYtw/00367.m4a,dev/mp4/id04219/VllbxizkYtw/00367.mp4,train
dev/aac/id04219/VllbxizkYtw/00352.m4a,dev/mp4/id04219/VllbxizkYtw/00352.mp4,train
dev/aac/id04219/VllbxizkYtw/00382.m4a,dev/mp4/id04219/VllbxizkYtw/00382.mp4,val
dev/aac/id04219/VllbxizkYtw/00361.m4a,dev/mp4/id04219/VllbxizkYtw/00361.mp4,train
dev/aac/id04219/VllbxizkYtw/00345.m4a,dev/mp4/id04219/VllbxizkYtw/00345.mp4,train
dev/aac/id04219/VllbxizkYtw/00380.m4a,dev/mp4/id04219/VllbxizkYtw/00380.mp4,train
dev/aac/id04219/VllbxizkYtw/00374.m4a,dev/mp4/id04219/VllbxizkYtw/00374.mp4,train
dev/aac/id04219/VllbxizkYtw/00369.m4a,dev/mp4/id04219/VllbxizkYtw/00369.mp4,train
dev/aac/id04219/VllbxizkYtw/00377.m4a,dev/mp4/id04219/VllbxizkYtw/00377.mp4,train
dev/aac/id04219/VllbxizkYtw/00387.m4a,dev/mp4/id04219/VllbxizkYtw/00387.mp4,train
dev/aac/id04219/VllbxizkYtw/00360.m4a,dev/mp4/id04219/VllbxizkYtw/00360.mp4,train
dev/aac/id04219/VllbxizkYtw/00342.m4a,dev/mp4/id04219/VllbxizkYtw/00342.mp4,train
dev/aac/id04219/VllbxizkYtw/00376.m4a,dev/mp4/id04219/VllbxizkYtw/00376.mp4,train
dev/aac/id04219/VllbxizkYtw/00366.m4a,dev/mp4/id04219/VllbxizkYtw/00366.mp4,train
dev/aac/id04219/VllbxizkYtw/00384.m4a,dev/mp4/id04219/VllbxizkYtw/00384.mp4,train
dev/aac/id04219/VllbxizkYtw/00348.m4a,dev/mp4/id04219/VllbxizkYtw/00348.mp4,train
dev/aac/id04219/VllbxizkYtw/00359.m4a,dev/mp4/id04219/VllbxizkYtw/00359.mp4,train
dev/aac/id04219/VllbxizkYtw/00375.m4a,dev/mp4/id04219/VllbxizkYtw/00375.mp4,train
dev/aac/id04219/VllbxizkYtw/00381.m4a,dev/mp4/id04219/VllbxizkYtw/00381.mp4,train
dev/aac/id04219/VllbxizkYtw/00388.m4a,dev/mp4/id04219/VllbxizkYtw/00388.mp4,train
dev/aac/id04219/VllbxizkYtw/00368.m4a,dev/mp4/id04219/VllbxizkYtw/00368.mp4,train
dev/aac/id04219/VllbxizkYtw/00349.m4a,dev/mp4/id04219/VllbxizkYtw/00349.mp4,train
dev/aac/id04219/VllbxizkYtw/00346.m4a,dev/mp4/id04219/VllbxizkYtw/00346.mp4,train
dev/aac/id04219/VllbxizkYtw/00358.m4a,dev/mp4/id04219/VllbxizkYtw/00358.mp4,train
dev/aac/id04219/VllbxizkYtw/00385.m4a,dev/mp4/id04219/VllbxizkYtw/00385.mp4,val
dev/aac/id04219/VllbxizkYtw/00350.m4a,dev/mp4/id04219/VllbxizkYtw/00350.mp4,val
dev/aac/id04219/VllbxizkYtw/00383.m4a,dev/mp4/id04219/VllbxizkYtw/00383.mp4,train
dev/aac/id04219/VllbxizkYtw/00357.m4a,dev/mp4/id04219/VllbxizkYtw/00357.mp4,val
dev/aac/id04219/VllbxizkYtw/00363.m4a,dev/mp4/id04219/VllbxizkYtw/00363.mp4,train
dev/aac/id04219/VllbxizkYtw/00372.m4a,dev/mp4/id04219/VllbxizkYtw/00372.mp4,val
dev/aac/id04219/VllbxizkYtw/00386.m4a,dev/mp4/id04219/VllbxizkYtw/00386.mp4,train
dev/aac/id04219/VllbxizkYtw/00356.m4a,dev/mp4/id04219/VllbxizkYtw/00356.mp4,train
dev/aac/id04219/VllbxizkYtw/00378.m4a,dev/mp4/id04219/VllbxizkYtw/00378.mp4,train
dev/aac/id04219/VllbxizkYtw/00347.m4a,dev/mp4/id04219/VllbxizkYtw/00347.mp4,train
dev/aac/id04219/VllbxizkYtw/00355.m4a,dev/mp4/id04219/VllbxizkYtw/00355.mp4,train
dev/aac/id04219/VllbxizkYtw/00354.m4a,dev/mp4/id04219/VllbxizkYtw/00354.mp4,train
dev/aac/id04219/AQEiXaT9lM0/00156.m4a,dev/mp4/id04219/AQEiXaT9lM0/00156.mp4,train
dev/aac/id04219/AQEiXaT9lM0/00138.m4a,dev/mp4/id04219/AQEiXaT9lM0/00138.mp4,train
dev/aac/id04219/AQEiXaT9lM0/00146.m4a,dev/mp4/id04219/AQEiXaT9lM0/00146.mp4,train
dev/aac/id04219/AQEiXaT9lM0/00147.m4a,dev/mp4/id04219/AQEiXaT9lM0/00147.mp4,train
dev/aac/id04219/AQEiXaT9lM0/00142.m4a,dev/mp4/id04219/AQEiXaT9lM0/00142.mp4,train
dev/aac/id04219/AQEiXaT9lM0/00145.m4a,dev/mp4/id04219/AQEiXaT9lM0/00145.mp4,train
dev/aac/id04219/AQEiXaT9lM0/00172.m4a,dev/mp4/id04219/AQEiXaT9lM0/00172.mp4,train
dev/aac/id04219/AQEiXaT9lM0/00150.m4a,dev/mp4/id04219/AQEiXaT9lM0/00150.mp4,train
dev/aac/id04219/AQEiXaT9lM0/00143.m4a,dev/mp4/id04219/AQEiXaT9lM0/00143.mp4,train
dev/aac/id04219/AQEiXaT9lM0/00161.m4a,dev/mp4/id04219/AQEiXaT9lM0/00161.mp4,train
dev/aac/id04219/AQEiXaT9lM0/00139.m4a,dev/mp4/id04219/AQEiXaT9lM0/00139.mp4,train
dev/aac/id04219/AQEiXaT9lM0/00171.m4a,dev/mp4/id04219/AQEiXaT9lM0/00171.mp4,train
dev/aac/id04219/AQEiXaT9lM0/00163.m4a,dev/mp4/id04219/AQEiXaT9lM0/00163.mp4,train
dev/aac/id04219/AQEiXaT9lM0/00144.m4a,dev/mp4/id04219/AQEiXaT9lM0/00144.mp4,train
dev/aac/id04219/AQEiXaT9lM0/00177.m4a,dev/mp4/id04219/AQEiXaT9lM0/00177.mp4,train
dev/aac/id04219/AQEiXaT9lM0/00170.m4a,dev/mp4/id04219/AQEiXaT9lM0/00170.mp4,val
dev/aac/id04219/AQEiXaT9lM0/00141.m4a,dev/mp4/id04219/AQEiXaT9lM0/00141.mp4,train
dev/aac/id04219/AQEiXaT9lM0/00169.m4a,dev/mp4/id04219/AQEiXaT9lM0/00169.mp4,train
dev/aac/id04219/AQEiXaT9lM0/00149.m4a,dev/mp4/id04219/AQEiXaT9lM0/00149.mp4,train
dev/aac/id04219/AQEiXaT9lM0/00174.m4a,dev/mp4/id04219/AQEiXaT9lM0/00174.mp4,train
dev/aac/id04219/AQEiXaT9lM0/00176.m4a,dev/mp4/id04219/AQEiXaT9lM0/00176.mp4,train
dev/aac/id04219/AQEiXaT9lM0/00178.m4a,dev/mp4/id04219/AQEiXaT9lM0/00178.mp4,train
dev/aac/id04219/AQEiXaT9lM0/00164.m4a,dev/mp4/id04219/AQEiXaT9lM0/00164.mp4,val
dev/aac/id04219/AQEiXaT9lM0/00158.m4a,dev/mp4/id04219/AQEiXaT9lM0/00158.mp4,train
dev/aac/id04219/AQEiXaT9lM0/00152.m4a,dev/mp4/id04219/AQEiXaT9lM0/00152.mp4,train
dev/aac/id04219/AQEiXaT9lM0/00148.m4a,dev/mp4/id04219/AQEiXaT9lM0/00148.mp4,train
dev/aac/id04219/AQEiXaT9lM0/00175.m4a,dev/mp4/id04219/AQEiXaT9lM0/00175.mp4,val
dev/aac/id04219/AQEiXaT9lM0/00140.m4a,dev/mp4/id04219/AQEiXaT9lM0/00140.mp4,train
dev/aac/id04219/AQEiXaT9lM0/00157.m4a,dev/mp4/id04219/AQEiXaT9lM0/00157.mp4,train
dev/aac/id04219/AQEiXaT9lM0/00165.m4a,dev/mp4/id04219/AQEiXaT9lM0/00165.mp4,train
dev/aac/id04219/AQEiXaT9lM0/00159.m4a,dev/mp4/id04219/AQEiXaT9lM0/00159.mp4,train
dev/aac/id04219/AQEiXaT9lM0/00154.m4a,dev/mp4/id04219/AQEiXaT9lM0/00154.mp4,val
dev/aac/id04219/AQEiXaT9lM0/00179.m4a,dev/mp4/id04219/AQEiXaT9lM0/00179.mp4,train
dev/aac/id04219/AQEiXaT9lM0/00167.m4a,dev/mp4/id04219/AQEiXaT9lM0/00167.mp4,val
dev/aac/id04219/AQEiXaT9lM0/00153.m4a,dev/mp4/id04219/AQEiXaT9lM0/00153.mp4,train
dev/aac/id04219/AQEiXaT9lM0/00151.m4a,dev/mp4/id04219/AQEiXaT9lM0/00151.mp4,val
dev/aac/id04219/AQEiXaT9lM0/00155.m4a,dev/mp4/id04219/AQEiXaT9lM0/00155.mp4,train
dev/aac/id04219/AQEiXaT9lM0/00173.m4a,dev/mp4/id04219/AQEiXaT9lM0/00173.mp4,train
dev/aac/id04219/AQEiXaT9lM0/00162.m4a,dev/mp4/id04219/AQEiXaT9lM0/00162.mp4,val
dev/aac/id04219/AQEiXaT9lM0/00166.m4a,dev/mp4/id04219/AQEiXaT9lM0/00166.mp4,train
dev/aac/id04219/AQEiXaT9lM0/00160.m4a,dev/mp4/id04219/AQEiXaT9lM0/00160.mp4,train
dev/aac/id04219/AQEiXaT9lM0/00137.m4a,dev/mp4/id04219/AQEiXaT9lM0/00137.mp4,val
dev/aac/id04219/AQEiXaT9lM0/00180.m4a,dev/mp4/id04219/AQEiXaT9lM0/00180.mp4,train
dev/aac/id04219/AQEiXaT9lM0/00136.m4a,dev/mp4/id04219/AQEiXaT9lM0/00136.mp4,train
dev/aac/id04219/AQEiXaT9lM0/00168.m4a,dev/mp4/id04219/AQEiXaT9lM0/00168.mp4,train
dev/aac/id04219/9llHvP-jYDg/00130.m4a,dev/mp4/id04219/9llHvP-jYDg/00130.mp4,val
dev/aac/id04219/9llHvP-jYDg/00128.m4a,dev/mp4/id04219/9llHvP-jYDg/00128.mp4,train
dev/aac/id04219/9llHvP-jYDg/00132.m4a,dev/mp4/id04219/9llHvP-jYDg/00132.mp4,train
dev/aac/id04219/9llHvP-jYDg/00131.m4a,dev/mp4/id04219/9llHvP-jYDg/00131.mp4,train
dev/aac/id04219/9llHvP-jYDg/00129.m4a,dev/mp4/id04219/9llHvP-jYDg/00129.mp4,train
dev/aac/id04219/TCqGL4jy3_I/00318.m4a,dev/mp4/id04219/TCqGL4jy3_I/00318.mp4,train
dev/aac/id04219/UDvF7rL8u1k/00322.m4a,dev/mp4/id04219/UDvF7rL8u1k/00322.mp4,train
dev/aac/id04219/UDvF7rL8u1k/00320.m4a,dev/mp4/id04219/UDvF7rL8u1k/00320.mp4,train
dev/aac/id04219/UDvF7rL8u1k/00326.m4a,dev/mp4/id04219/UDvF7rL8u1k/00326.mp4,train
dev/aac/id04219/UDvF7rL8u1k/00328.m4a,dev/mp4/id04219/UDvF7rL8u1k/00328.mp4,train
dev/aac/id04219/UDvF7rL8u1k/00319.m4a,dev/mp4/id04219/UDvF7rL8u1k/00319.mp4,train
dev/aac/id04219/UDvF7rL8u1k/00325.m4a,dev/mp4/id04219/UDvF7rL8u1k/00325.mp4,train
dev/aac/id04219/UDvF7rL8u1k/00337.m4a,dev/mp4/id04219/UDvF7rL8u1k/00337.mp4,train
dev/aac/id04219/UDvF7rL8u1k/00332.m4a,dev/mp4/id04219/UDvF7rL8u1k/00332.mp4,train
dev/aac/id04219/UDvF7rL8u1k/00331.m4a,dev/mp4/id04219/UDvF7rL8u1k/00331.mp4,val
dev/aac/id04219/UDvF7rL8u1k/00339.m4a,dev/mp4/id04219/UDvF7rL8u1k/00339.mp4,train
dev/aac/id04219/UDvF7rL8u1k/00323.m4a,dev/mp4/id04219/UDvF7rL8u1k/00323.mp4,val
dev/aac/id04219/UDvF7rL8u1k/00327.m4a,dev/mp4/id04219/UDvF7rL8u1k/00327.mp4,train
dev/aac/id04219/UDvF7rL8u1k/00334.m4a,dev/mp4/id04219/UDvF7rL8u1k/00334.mp4,train
dev/aac/id04219/UDvF7rL8u1k/00341.m4a,dev/mp4/id04219/UDvF7rL8u1k/00341.mp4,val
dev/aac/id04219/UDvF7rL8u1k/00335.m4a,dev/mp4/id04219/UDvF7rL8u1k/00335.mp4,val
dev/aac/id04219/UDvF7rL8u1k/00336.m4a,dev/mp4/id04219/UDvF7rL8u1k/00336.mp4,train
dev/aac/id04219/UDvF7rL8u1k/00333.m4a,dev/mp4/id04219/UDvF7rL8u1k/00333.mp4,train
dev/aac/id04219/UDvF7rL8u1k/00338.m4a,dev/mp4/id04219/UDvF7rL8u1k/00338.mp4,train
dev/aac/id04219/UDvF7rL8u1k/00324.m4a,dev/mp4/id04219/UDvF7rL8u1k/00324.mp4,train
dev/aac/id04219/UDvF7rL8u1k/00340.m4a,dev/mp4/id04219/UDvF7rL8u1k/00340.mp4,train
dev/aac/id04219/UDvF7rL8u1k/00321.m4a,dev/mp4/id04219/UDvF7rL8u1k/00321.mp4,val
dev/aac/id04219/UDvF7rL8u1k/00329.m4a,dev/mp4/id04219/UDvF7rL8u1k/00329.mp4,val
dev/aac/id04219/UDvF7rL8u1k/00330.m4a,dev/mp4/id04219/UDvF7rL8u1k/00330.mp4,val
dev/aac/id04219/HFlrfA0gcD0/00206.m4a,dev/mp4/id04219/HFlrfA0gcD0/00206.mp4,train
dev/aac/id04219/tyBmrGbOlaI/00478.m4a,dev/mp4/id04219/tyBmrGbOlaI/00478.mp4,val
dev/aac/id04219/tyBmrGbOlaI/00475.m4a,dev/mp4/id04219/tyBmrGbOlaI/00475.mp4,train
dev/aac/id04219/tyBmrGbOlaI/00477.m4a,dev/mp4/id04219/tyBmrGbOlaI/00477.mp4,train
dev/aac/id04219/tyBmrGbOlaI/00476.m4a,dev/mp4/id04219/tyBmrGbOlaI/00476.mp4,train
dev/aac/id04219/tyBmrGbOlaI/00474.m4a,dev/mp4/id04219/tyBmrGbOlaI/00474.mp4,train
dev/aac/id04219/awVKDNWStNQ/00406.m4a,dev/mp4/id04219/awVKDNWStNQ/00406.mp4,train
dev/aac/id04219/awVKDNWStNQ/00405.m4a,dev/mp4/id04219/awVKDNWStNQ/00405.mp4,train
dev/aac/id04219/awVKDNWStNQ/00407.m4a,dev/mp4/id04219/awVKDNWStNQ/00407.mp4,train
dev/aac/id04219/cqTRC42bET8/00418.m4a,dev/mp4/id04219/cqTRC42bET8/00418.mp4,train
dev/aac/id04219/cqTRC42bET8/00417.m4a,dev/mp4/id04219/cqTRC42bET8/00417.mp4,train
dev/aac/id04219/owRABWKxI0s/00438.m4a,dev/mp4/id04219/owRABWKxI0s/00438.mp4,train
dev/aac/id04219/owRABWKxI0s/00440.m4a,dev/mp4/id04219/owRABWKxI0s/00440.mp4,train
dev/aac/id04219/owRABWKxI0s/00443.m4a,dev/mp4/id04219/owRABWKxI0s/00443.mp4,train
dev/aac/id04219/owRABWKxI0s/00444.m4a,dev/mp4/id04219/owRABWKxI0s/00444.mp4,train
dev/aac/id04219/owRABWKxI0s/00441.m4a,dev/mp4/id04219/owRABWKxI0s/00441.mp4,train
dev/aac/id04219/owRABWKxI0s/00442.m4a,dev/mp4/id04219/owRABWKxI0s/00442.mp4,train
dev/aac/id04219/owRABWKxI0s/00439.m4a,dev/mp4/id04219/owRABWKxI0s/00439.mp4,train
dev/aac/id04219/PfqTNPofo_M/00268.m4a,dev/mp4/id04219/PfqTNPofo_M/00268.mp4,val
dev/aac/id04219/PfqTNPofo_M/00269.m4a,dev/mp4/id04219/PfqTNPofo_M/00269.mp4,train
dev/aac/id04219/XZDicnILQT4/00395.m4a,dev/mp4/id04219/XZDicnILQT4/00395.mp4,train
dev/aac/id04219/XZDicnILQT4/00396.m4a,dev/mp4/id04219/XZDicnILQT4/00396.mp4,train
dev/aac/id04219/Fi-tKdBERf4/00192.m4a,dev/mp4/id04219/Fi-tKdBERf4/00192.mp4,val
dev/aac/id04219/Fi-tKdBERf4/00195.m4a,dev/mp4/id04219/Fi-tKdBERf4/00195.mp4,train
dev/aac/id04219/Fi-tKdBERf4/00196.m4a,dev/mp4/id04219/Fi-tKdBERf4/00196.mp4,train
dev/aac/id04219/Fi-tKdBERf4/00193.m4a,dev/mp4/id04219/Fi-tKdBERf4/00193.mp4,train
dev/aac/id04219/Fi-tKdBERf4/00191.m4a,dev/mp4/id04219/Fi-tKdBERf4/00191.mp4,train
dev/aac/id04219/Fi-tKdBERf4/00197.m4a,dev/mp4/id04219/Fi-tKdBERf4/00197.mp4,train
dev/aac/id04219/Fi-tKdBERf4/00194.m4a,dev/mp4/id04219/Fi-tKdBERf4/00194.mp4,val
dev/aac/id04219/NiG33gcNlcU/00235.m4a,dev/mp4/id04219/NiG33gcNlcU/00235.mp4,train
dev/aac/id04219/NiG33gcNlcU/00219.m4a,dev/mp4/id04219/NiG33gcNlcU/00219.mp4,train
dev/aac/id04219/NiG33gcNlcU/00225.m4a,dev/mp4/id04219/NiG33gcNlcU/00225.mp4,train
dev/aac/id04219/NiG33gcNlcU/00221.m4a,dev/mp4/id04219/NiG33gcNlcU/00221.mp4,train
dev/aac/id04219/NiG33gcNlcU/00218.m4a,dev/mp4/id04219/NiG33gcNlcU/00218.mp4,train
dev/aac/id04219/NiG33gcNlcU/00220.m4a,dev/mp4/id04219/NiG33gcNlcU/00220.mp4,train
dev/aac/id04219/NiG33gcNlcU/00238.m4a,dev/mp4/id04219/NiG33gcNlcU/00238.mp4,train
dev/aac/id04219/NiG33gcNlcU/00231.m4a,dev/mp4/id04219/NiG33gcNlcU/00231.mp4,train
dev/aac/id04219/NiG33gcNlcU/00222.m4a,dev/mp4/id04219/NiG33gcNlcU/00222.mp4,train
dev/aac/id04219/NiG33gcNlcU/00240.m4a,dev/mp4/id04219/NiG33gcNlcU/00240.mp4,train
dev/aac/id04219/NiG33gcNlcU/00234.m4a,dev/mp4/id04219/NiG33gcNlcU/00234.mp4,val
dev/aac/id04219/NiG33gcNlcU/00227.m4a,dev/mp4/id04219/NiG33gcNlcU/00227.mp4,val
dev/aac/id04219/NiG33gcNlcU/00236.m4a,dev/mp4/id04219/NiG33gcNlcU/00236.mp4,train
dev/aac/id04219/NiG33gcNlcU/00239.m4a,dev/mp4/id04219/NiG33gcNlcU/00239.mp4,train
dev/aac/id04219/NiG33gcNlcU/00233.m4a,dev/mp4/id04219/NiG33gcNlcU/00233.mp4,val
dev/aac/id04219/NiG33gcNlcU/00223.m4a,dev/mp4/id04219/NiG33gcNlcU/00223.mp4,train
dev/aac/id04219/NiG33gcNlcU/00229.m4a,dev/mp4/id04219/NiG33gcNlcU/00229.mp4,train
dev/aac/id04219/NiG33gcNlcU/00226.m4a,dev/mp4/id04219/NiG33gcNlcU/00226.mp4,train
dev/aac/id04219/NiG33gcNlcU/00228.m4a,dev/mp4/id04219/NiG33gcNlcU/00228.mp4,train
dev/aac/id04219/NiG33gcNlcU/00224.m4a,dev/mp4/id04219/NiG33gcNlcU/00224.mp4,train
dev/aac/id04219/NiG33gcNlcU/00232.m4a,dev/mp4/id04219/NiG33gcNlcU/00232.mp4,val
dev/aac/id04219/NiG33gcNlcU/00230.m4a,dev/mp4/id04219/NiG33gcNlcU/00230.mp4,train
dev/aac/id04219/NiG33gcNlcU/00237.m4a,dev/mp4/id04219/NiG33gcNlcU/00237.mp4,train
dev/aac/id04219/5fUOJ_QkD0E/00012.m4a,dev/mp4/id04219/5fUOJ_QkD0E/00012.mp4,train
dev/aac/id04219/5fUOJ_QkD0E/00011.m4a,dev/mp4/id04219/5fUOJ_QkD0E/00011.mp4,train
dev/aac/id04219/8fC_ZCcv1i8/00036.m4a,dev/mp4/id04219/8fC_ZCcv1i8/00036.mp4,val
dev/aac/id04219/8fC_ZCcv1i8/00043.m4a,dev/mp4/id04219/8fC_ZCcv1i8/00043.mp4,val
dev/aac/id04219/8fC_ZCcv1i8/00068.m4a,dev/mp4/id04219/8fC_ZCcv1i8/00068.mp4,train
dev/aac/id04219/8fC_ZCcv1i8/00054.m4a,dev/mp4/id04219/8fC_ZCcv1i8/00054.mp4,train
dev/aac/id04219/8fC_ZCcv1i8/00085.m4a,dev/mp4/id04219/8fC_ZCcv1i8/00085.mp4,train
dev/aac/id04219/8fC_ZCcv1i8/00069.m4a,dev/mp4/id04219/8fC_ZCcv1i8/00069.mp4,train
dev/aac/id04219/8fC_ZCcv1i8/00048.m4a,dev/mp4/id04219/8fC_ZCcv1i8/00048.mp4,train
dev/aac/id04219/8fC_ZCcv1i8/00032.m4a,dev/mp4/id04219/8fC_ZCcv1i8/00032.mp4,train
dev/aac/id04219/8fC_ZCcv1i8/00078.m4a,dev/mp4/id04219/8fC_ZCcv1i8/00078.mp4,val
dev/aac/id04219/8fC_ZCcv1i8/00061.m4a,dev/mp4/id04219/8fC_ZCcv1i8/00061.mp4,train
dev/aac/id04219/8fC_ZCcv1i8/00080.m4a,dev/mp4/id04219/8fC_ZCcv1i8/00080.mp4,train
dev/aac/id04219/8fC_ZCcv1i8/00073.m4a,dev/mp4/id04219/8fC_ZCcv1i8/00073.mp4,train
dev/aac/id04219/8fC_ZCcv1i8/00047.m4a,dev/mp4/id04219/8fC_ZCcv1i8/00047.mp4,train
dev/aac/id04219/8fC_ZCcv1i8/00024.m4a,dev/mp4/id04219/8fC_ZCcv1i8/00024.mp4,train
dev/aac/id04219/8fC_ZCcv1i8/00046.m4a,dev/mp4/id04219/8fC_ZCcv1i8/00046.mp4,train
dev/aac/id04219/8fC_ZCcv1i8/00057.m4a,dev/mp4/id04219/8fC_ZCcv1i8/00057.mp4,train
dev/aac/id04219/8fC_ZCcv1i8/00018.m4a,dev/mp4/id04219/8fC_ZCcv1i8/00018.mp4,train
dev/aac/id04219/8fC_ZCcv1i8/00037.m4a,dev/mp4/id04219/8fC_ZCcv1i8/00037.mp4,train
dev/aac/id04219/8fC_ZCcv1i8/00101.m4a,dev/mp4/id04219/8fC_ZCcv1i8/00101.mp4,train
dev/aac/id04219/8fC_ZCcv1i8/00108.m4a,dev/mp4/id04219/8fC_ZCcv1i8/00108.mp4,train
dev/aac/id04219/8fC_ZCcv1i8/00074.m4a,dev/mp4/id04219/8fC_ZCcv1i8/00074.mp4,train
dev/aac/id04219/8fC_ZCcv1i8/00029.m4a,dev/mp4/id04219/8fC_ZCcv1i8/00029.mp4,train
dev/aac/id04219/8fC_ZCcv1i8/00017.m4a,dev/mp4/id04219/8fC_ZCcv1i8/00017.mp4,val
dev/aac/id04219/8fC_ZCcv1i8/00021.m4a,dev/mp4/id04219/8fC_ZCcv1i8/00021.mp4,train
dev/aac/id04219/8fC_ZCcv1i8/00088.m4a,dev/mp4/id04219/8fC_ZCcv1i8/00088.mp4,val
dev/aac/id04219/8fC_ZCcv1i8/00049.m4a,dev/mp4/id04219/8fC_ZCcv1i8/00049.mp4,train
dev/aac/id04219/8fC_ZCcv1i8/00022.m4a,dev/mp4/id04219/8fC_ZCcv1i8/00022.mp4,train
dev/aac/id04219/8fC_ZCcv1i8/00071.m4a,dev/mp4/id04219/8fC_ZCcv1i8/00071.mp4,train
dev/aac/id04219/8fC_ZCcv1i8/00082.m4a,dev/mp4/id04219/8fC_ZCcv1i8/00082.mp4,train
dev/aac/id04219/8fC_ZCcv1i8/00051.m4a,dev/mp4/id04219/8fC_ZCcv1i8/00051.mp4,val
dev/aac/id04219/8fC_ZCcv1i8/00106.m4a,dev/mp4/id04219/8fC_ZCcv1i8/00106.mp4,train
dev/aac/id04219/8fC_ZCcv1i8/00067.m4a,dev/mp4/id04219/8fC_ZCcv1i8/00067.mp4,train
dev/aac/id04219/8fC_ZCcv1i8/00050.m4a,dev/mp4/id04219/8fC_ZCcv1i8/00050.mp4,train
dev/aac/id04219/8fC_ZCcv1i8/00027.m4a,dev/mp4/id04219/8fC_ZCcv1i8/00027.mp4,train
dev/aac/id04219/8fC_ZCcv1i8/00109.m4a,dev/mp4/id04219/8fC_ZCcv1i8/00109.mp4,train
dev/aac/id04219/8fC_ZCcv1i8/00034.m4a,dev/mp4/id04219/8fC_ZCcv1i8/00034.mp4,train
dev/aac/id04219/8fC_ZCcv1i8/00079.m4a,dev/mp4/id04219/8fC_ZCcv1i8/00079.mp4,train
dev/aac/id04219/8fC_ZCcv1i8/00072.m4a,dev/mp4/id04219/8fC_ZCcv1i8/00072.mp4,train
dev/aac/id04219/8fC_ZCcv1i8/00063.m4a,dev/mp4/id04219/8fC_ZCcv1i8/00063.mp4,train
dev/aac/id04219/8fC_ZCcv1i8/00098.m4a,dev/mp4/id04219/8fC_ZCcv1i8/00098.mp4,train
dev/aac/id04219/8fC_ZCcv1i8/00099.m4a,dev/mp4/id04219/8fC_ZCcv1i8/00099.mp4,train
dev/aac/id04219/8fC_ZCcv1i8/00019.m4a,dev/mp4/id04219/8fC_ZCcv1i8/00019.mp4,train
dev/aac/id04219/8fC_ZCcv1i8/00066.m4a,dev/mp4/id04219/8fC_ZCcv1i8/00066.mp4,train
dev/aac/id04219/8fC_ZCcv1i8/00065.m4a,dev/mp4/id04219/8fC_ZCcv1i8/00065.mp4,train
dev/aac/id04219/8fC_ZCcv1i8/00105.m4a,dev/mp4/id04219/8fC_ZCcv1i8/00105.mp4,train
dev/aac/id04219/8fC_ZCcv1i8/00052.m4a,dev/mp4/id04219/8fC_ZCcv1i8/00052.mp4,val
dev/aac/id04219/8fC_ZCcv1i8/00033.m4a,dev/mp4/id04219/8fC_ZCcv1i8/00033.mp4,val
dev/aac/id04219/8fC_ZCcv1i8/00020.m4a,dev/mp4/id04219/8fC_ZCcv1i8/00020.mp4,train
dev/aac/id04219/8fC_ZCcv1i8/00084.m4a,dev/mp4/id04219/8fC_ZCcv1i8/00084.mp4,train
dev/aac/id04219/8fC_ZCcv1i8/00040.m4a,dev/mp4/id04219/8fC_ZCcv1i8/00040.mp4,train
dev/aac/id04219/8fC_ZCcv1i8/00030.m4a,dev/mp4/id04219/8fC_ZCcv1i8/00030.mp4,train
dev/aac/id04219/8fC_ZCcv1i8/00107.m4a,dev/mp4/id04219/8fC_ZCcv1i8/00107.mp4,train
dev/aac/id04219/8fC_ZCcv1i8/00038.m4a,dev/mp4/id04219/8fC_ZCcv1i8/00038.mp4,train
dev/aac/id04219/8fC_ZCcv1i8/00103.m4a,dev/mp4/id04219/8fC_ZCcv1i8/00103.mp4,train
dev/aac/id04219/8fC_ZCcv1i8/00093.m4a,dev/mp4/id04219/8fC_ZCcv1i8/00093.mp4,val
dev/aac/id04219/8fC_ZCcv1i8/00058.m4a,dev/mp4/id04219/8fC_ZCcv1i8/00058.mp4,train
dev/aac/id04219/8fC_ZCcv1i8/00091.m4a,dev/mp4/id04219/8fC_ZCcv1i8/00091.mp4,train
dev/aac/id04219/8fC_ZCcv1i8/00100.m4a,dev/mp4/id04219/8fC_ZCcv1i8/00100.mp4,train
dev/aac/id04219/8fC_ZCcv1i8/00031.m4a,dev/mp4/id04219/8fC_ZCcv1i8/00031.mp4,train
dev/aac/id04219/8fC_ZCcv1i8/00102.m4a,dev/mp4/id04219/8fC_ZCcv1i8/00102.mp4,val
dev/aac/id04219/8fC_ZCcv1i8/00064.m4a,dev/mp4/id04219/8fC_ZCcv1i8/00064.mp4,train
dev/aac/id04219/8fC_ZCcv1i8/00035.m4a,dev/mp4/id04219/8fC_ZCcv1i8/00035.mp4,val
dev/aac/id04219/8fC_ZCcv1i8/00062.m4a,dev/mp4/id04219/8fC_ZCcv1i8/00062.mp4,val
dev/aac/id04219/8fC_ZCcv1i8/00041.m4a,dev/mp4/id04219/8fC_ZCcv1i8/00041.mp4,train
dev/aac/id04219/8fC_ZCcv1i8/00096.m4a,dev/mp4/id04219/8fC_ZCcv1i8/00096.mp4,val
dev/aac/id04219/8fC_ZCcv1i8/00092.m4a,dev/mp4/id04219/8fC_ZCcv1i8/00092.mp4,train
dev/aac/id04219/8fC_ZCcv1i8/00083.m4a,dev/mp4/id04219/8fC_ZCcv1i8/00083.mp4,train
dev/aac/id04219/8fC_ZCcv1i8/00094.m4a,dev/mp4/id04219/8fC_ZCcv1i8/00094.mp4,train
dev/aac/id04219/8fC_ZCcv1i8/00042.m4a,dev/mp4/id04219/8fC_ZCcv1i8/00042.mp4,train
dev/aac/id04219/8fC_ZCcv1i8/00025.m4a,dev/mp4/id04219/8fC_ZCcv1i8/00025.mp4,train
dev/aac/id04219/8fC_ZCcv1i8/00039.m4a,dev/mp4/id04219/8fC_ZCcv1i8/00039.mp4,train
dev/aac/id04219/8fC_ZCcv1i8/00044.m4a,dev/mp4/id04219/8fC_ZCcv1i8/00044.mp4,train
dev/aac/id04219/8fC_ZCcv1i8/00089.m4a,dev/mp4/id04219/8fC_ZCcv1i8/00089.mp4,val
dev/aac/id04219/8fC_ZCcv1i8/00090.m4a,dev/mp4/id04219/8fC_ZCcv1i8/00090.mp4,train
dev/aac/id04219/8fC_ZCcv1i8/00055.m4a,dev/mp4/id04219/8fC_ZCcv1i8/00055.mp4,train
dev/aac/id04219/8fC_ZCcv1i8/00060.m4a,dev/mp4/id04219/8fC_ZCcv1i8/00060.mp4,train
dev/aac/id04219/8fC_ZCcv1i8/00026.m4a,dev/mp4/id04219/8fC_ZCcv1i8/00026.mp4,train
dev/aac/id04219/8fC_ZCcv1i8/00059.m4a,dev/mp4/id04219/8fC_ZCcv1i8/00059.mp4,train
dev/aac/id04219/8fC_ZCcv1i8/00023.m4a,dev/mp4/id04219/8fC_ZCcv1i8/00023.mp4,train
dev/aac/id04219/8fC_ZCcv1i8/00104.m4a,dev/mp4/id04219/8fC_ZCcv1i8/00104.mp4,train
dev/aac/id04219/8fC_ZCcv1i8/00097.m4a,dev/mp4/id04219/8fC_ZCcv1i8/00097.mp4,train
dev/aac/id04219/8fC_ZCcv1i8/00053.m4a,dev/mp4/id04219/8fC_ZCcv1i8/00053.mp4,train
dev/aac/id04219/8fC_ZCcv1i8/00076.m4a,dev/mp4/id04219/8fC_ZCcv1i8/00076.mp4,train
dev/aac/id04219/8fC_ZCcv1i8/00095.m4a,dev/mp4/id04219/8fC_ZCcv1i8/00095.mp4,train
dev/aac/id04219/8fC_ZCcv1i8/00087.m4a,dev/mp4/id04219/8fC_ZCcv1i8/00087.mp4,train
dev/aac/id04219/8fC_ZCcv1i8/00070.m4a,dev/mp4/id04219/8fC_ZCcv1i8/00070.mp4,train
dev/aac/id04219/8fC_ZCcv1i8/00086.m4a,dev/mp4/id04219/8fC_ZCcv1i8/00086.mp4,val
dev/aac/id04219/8fC_ZCcv1i8/00028.m4a,dev/mp4/id04219/8fC_ZCcv1i8/00028.mp4,val
dev/aac/id04219/8fC_ZCcv1i8/00056.m4a,dev/mp4/id04219/8fC_ZCcv1i8/00056.mp4,val
dev/aac/id04219/8fC_ZCcv1i8/00075.m4a,dev/mp4/id04219/8fC_ZCcv1i8/00075.mp4,train
dev/aac/id04219/8fC_ZCcv1i8/00077.m4a,dev/mp4/id04219/8fC_ZCcv1i8/00077.mp4,train
dev/aac/id04219/8fC_ZCcv1i8/00081.m4a,dev/mp4/id04219/8fC_ZCcv1i8/00081.mp4,train
dev/aac/id04219/8fC_ZCcv1i8/00111.m4a,dev/mp4/id04219/8fC_ZCcv1i8/00111.mp4,val
dev/aac/id04219/8fC_ZCcv1i8/00110.m4a,dev/mp4/id04219/8fC_ZCcv1i8/00110.mp4,train
dev/aac/id04219/8fC_ZCcv1i8/00045.m4a,dev/mp4/id04219/8fC_ZCcv1i8/00045.mp4,train
dev/aac/id04219/Az6tsKtf1cY/00183.m4a,dev/mp4/id04219/Az6tsKtf1cY/00183.mp4,train
dev/aac/id04219/Az6tsKtf1cY/00182.m4a,dev/mp4/id04219/Az6tsKtf1cY/00182.mp4,val
dev/aac/id04219/Az6tsKtf1cY/00181.m4a,dev/mp4/id04219/Az6tsKtf1cY/00181.mp4,train
dev/aac/id04219/Az6tsKtf1cY/00185.m4a,dev/mp4/id04219/Az6tsKtf1cY/00185.mp4,val
dev/aac/id04219/Az6tsKtf1cY/00186.m4a,dev/mp4/id04219/Az6tsKtf1cY/00186.mp4,train
dev/aac/id04219/Az6tsKtf1cY/00184.m4a,dev/mp4/id04219/Az6tsKtf1cY/00184.mp4,train
dev/aac/id04219/y6schhRfzVA/00496.m4a,dev/mp4/id04219/y6schhRfzVA/00496.mp4,train
dev/aac/id04219/y6schhRfzVA/00494.m4a,dev/mp4/id04219/y6schhRfzVA/00494.mp4,train
dev/aac/id04219/y6schhRfzVA/00495.m4a,dev/mp4/id04219/y6schhRfzVA/00495.mp4,val
dev/aac/id04219/y6schhRfzVA/00493.m4a,dev/mp4/id04219/y6schhRfzVA/00493.mp4,val
dev/aac/id04219/y6schhRfzVA/00497.m4a,dev/mp4/id04219/y6schhRfzVA/00497.mp4,train
dev/aac/id04219/LCXVbotaKVQ/00217.m4a,dev/mp4/id04219/LCXVbotaKVQ/00217.mp4,train
dev/aac/id04219/8uin6HHzbUU/00114.m4a,dev/mp4/id04219/8uin6HHzbUU/00114.mp4,train
dev/aac/id04219/8uin6HHzbUU/00116.m4a,dev/mp4/id04219/8uin6HHzbUU/00116.mp4,train
dev/aac/id04219/8uin6HHzbUU/00124.m4a,dev/mp4/id04219/8uin6HHzbUU/00124.mp4,train
dev/aac/id04219/8uin6HHzbUU/00120.m4a,dev/mp4/id04219/8uin6HHzbUU/00120.mp4,train
dev/aac/id04219/8uin6HHzbUU/00119.m4a,dev/mp4/id04219/8uin6HHzbUU/00119.mp4,train
dev/aac/id04219/8uin6HHzbUU/00122.m4a,dev/mp4/id04219/8uin6HHzbUU/00122.mp4,train
dev/aac/id04219/8uin6HHzbUU/00121.m4a,dev/mp4/id04219/8uin6HHzbUU/00121.mp4,val
dev/aac/id04219/8uin6HHzbUU/00113.m4a,dev/mp4/id04219/8uin6HHzbUU/00113.mp4,train
dev/aac/id04219/8uin6HHzbUU/00118.m4a,dev/mp4/id04219/8uin6HHzbUU/00118.mp4,train
dev/aac/id04219/8uin6HHzbUU/00115.m4a,dev/mp4/id04219/8uin6HHzbUU/00115.mp4,train
dev/aac/id04219/8uin6HHzbUU/00126.m4a,dev/mp4/id04219/8uin6HHzbUU/00126.mp4,val
dev/aac/id04219/8uin6HHzbUU/00117.m4a,dev/mp4/id04219/8uin6HHzbUU/00117.mp4,train
dev/aac/id04219/8uin6HHzbUU/00125.m4a,dev/mp4/id04219/8uin6HHzbUU/00125.mp4,val
dev/aac/id04219/8uin6HHzbUU/00112.m4a,dev/mp4/id04219/8uin6HHzbUU/00112.mp4,val
dev/aac/id04219/8uin6HHzbUU/00127.m4a,dev/mp4/id04219/8uin6HHzbUU/00127.mp4,train
dev/aac/id04219/8uin6HHzbUU/00123.m4a,dev/mp4/id04219/8uin6HHzbUU/00123.mp4,train
dev/aac/id04219/4iMJJ9KsfAg/00008.m4a,dev/mp4/id04219/4iMJJ9KsfAg/00008.mp4,train
dev/aac/id04219/4iMJJ9KsfAg/00003.m4a,dev/mp4/id04219/4iMJJ9KsfAg/00003.mp4,val
dev/aac/id04219/4iMJJ9KsfAg/00007.m4a,dev/mp4/id04219/4iMJJ9KsfAg/00007.mp4,val
dev/aac/id04219/4iMJJ9KsfAg/00005.m4a,dev/mp4/id04219/4iMJJ9KsfAg/00005.mp4,train
dev/aac/id04219/4iMJJ9KsfAg/00006.m4a,dev/mp4/id04219/4iMJJ9KsfAg/00006.mp4,train
dev/aac/id04219/4iMJJ9KsfAg/00010.m4a,dev/mp4/id04219/4iMJJ9KsfAg/00010.mp4,train
dev/aac/id04219/4iMJJ9KsfAg/00009.m4a,dev/mp4/id04219/4iMJJ9KsfAg/00009.mp4,val
dev/aac/id04219/4iMJJ9KsfAg/00004.m4a,dev/mp4/id04219/4iMJJ9KsfAg/00004.mp4,val
